<?xml version="1.0" ?>
<listings>
	<listing>
		<price>101000</price>
		<description>Rerum ullam reiciendis nesciunt. Cumque eum distinctio possimus rerum temporibus natus vero.</description>
		<status>For Sale</status>
		<broker>
			<code>8F8Q9</code>
			<phone>1-280-398-2410x852</phone>
			<name>Laura Sanchez &amp; Associates</name>
		</broker>
		<agent>
			<code>34F7V1</code>
			<phone>640.988.4537</phone>
			<name>Scott Park</name>
		</agent>
		<address>
			<zip>97730-1042</zip>
			<city>Randolphmouth</city>
			<street>1907 William Union</street>
			<state>VA</state>
		</address>
		<mls_number>99</mls_number>
		<type>Apartment</type>
	</listing>
	<listing>
		<price>153000</price>
		<description>Occaecati illum tempore in ab maxime quo praesentium. Quam nesciunt animi quaerat.
Cumque minus a dicta iure sequi vel. Quidem laboriosam architecto consequatur dolorum eum repudiandae facilis. A quae quam dicta recusandae. Voluptate voluptatibus quisquam a saepe.
Quaerat deleniti commodi dolorum quae quasi ullam nam. Accusantium quasi saepe voluptate. Delectus ad quia quibusdam incidunt explicabo. Aliquid quasi eaque quidem exercitationem rerum ipsa temporibus.</description>
		<status>For Sale</status>
		<broker>
			<code>48258888R7C4</code>
			<phone>04210861693</phone>
			<name>Dunlap Realty</name>
		</broker>
		<agent>
			<code>82733618I3</code>
			<phone>(777)892-7828x60009</phone>
			<name>William Mcmahon</name>
		</agent>
		<address>
			<zip>28572-4026</zip>
			<city>East Sethberg</city>
			<street>57683 Donald Spring</street>
			<state>TX</state>
		</address>
		<mls_number>233</mls_number>
		<type>Apartment</type>
	</listing>
	<listing>
		<price>650</price>
		<description>Autem expedita assumenda soluta quasi sed. Eos voluptatum accusantium sit facilis sapiente error quis.
Odit reprehenderit quasi architecto repellat est natus. Impedit beatae accusamus quibusdam vel. Molestias ut cum vero soluta consectetur dolor cumque fugit. Recusandae nihil ut soluta illum est nesciunt.</description>
		<status>For Rent</status>
		<broker>
			<code>870JM4</code>
			<phone>1-575-457-5965</phone>
			<name>Holland Real Estate of Thompsonchester</name>
		</broker>
		<agent>
			<code>6978V0K9</code>
			<phone>979-878-6969x08376</phone>
			<name>Catherine Hess</name>
		</agent>
		<address>
			<zip>77398</zip>
			<city>Nguyenville</city>
			<street>940 Hood Plains Suite 261</street>
			<state>OK</state>
		</address>
		<mls_number>7</mls_number>
		<type>Residential</type>
	</listing>
	<listing>
		<price>1950</price>
		<description>Commodi tempora molestiae eos et. Minima molestias veniam cum quod magni dolor. Modi adipisci sequi eaque alias cumque. Nesciunt vero quo ut.
Nam iure quidem neque eligendi voluptatem voluptatibus veniam. Id consequatur blanditiis culpa beatae. Vitae quia similique maiores.
Atque ullam iure iure quisquam alias minus. Vel consequatur tempore saepe necessitatibus natus. Commodi ipsa aspernatur odit saepe totam.
Est quae deserunt aliquam dolor. Consequatur dolore vitae ut magni. Eveniet nam dicta optio minus laborum quos possimus.
A perferendis dolores laudantium. Modi quibusdam exercitationem quidem ex quaerat. Ex maiores delectus atque vero.
Fuga sed hic qui ullam. Aliquam beatae accusamus aspernatur voluptatibus quo. Laborum illum cupiditate dignissimos cupiditate.</description>
		<status>For Rent</status>
		<broker>
			<code>48258888R7C4</code>
			<phone>04210861693</phone>
			<name>Dunlap Realty</name>
		</broker>
		<agent>
			<code>535906OH9</code>
			<phone>(130)901-4246x528</phone>
			<name>Kevin Griffin</name>
		</agent>
		<address>
			<zip>68668-7178</zip>
			<city>Moralesbury</city>
			<street>224 Dean Circle Suite 821</street>
			<state>ND</state>
		</address>
		<mls_number>228</mls_number>
		<type>Apartment</type>
	</listing>
	<listing>
		<price>1950</price>
		<description>Esse sequi totam autem amet ratione sapiente. Repellendus veniam architecto nisi a eius aut. Itaque corrupti laborum ducimus consequuntur. Hic eligendi cupiditate dolorem voluptatem maiores a.
Libero consequatur nesciunt corrupti aliquam. Perferendis ad cupiditate debitis. Placeat esse voluptates doloremque.
Soluta non nulla deserunt rerum. Laudantium magnam officia officia accusantium id. Voluptatem veritatis iusto quo officia recusandae. Quibusdam tempore nihil omnis odio.</description>
		<status>For Rent</status>
		<broker>
			<code>48258888R7C4</code>
			<phone>04210861693</phone>
			<name>Dunlap Realty</name>
		</broker>
		<agent>
			<code>535906OH9</code>
			<phone>(130)901-4246x528</phone>
			<name>Kevin Griffin</name>
		</agent>
		<address>
			<zip>97575-5332</zip>
			<city>South Jonathan</city>
			<street>85771 Webb Street Suite 697</street>
			<state>AL</state>
		</address>
		<mls_number>457106647</mls_number>
		<type>Apartment</type>
	</listing>
	<listing>
		<price>266000</price>
		<description>Eligendi inventore accusamus quam ipsum perspiciatis. Expedita nihil laborum delectus sit voluptas fugit. Soluta provident dolorum odio necessitatibus dignissimos.
Quidem voluptatibus nostrum fuga reprehenderit incidunt perferendis ex unde. Maiores vitae quisquam adipisci dolorem accusamus mollitia. Neque voluptatem amet recusandae ducimus nihil sapiente tempore. Occaecati at consequatur reprehenderit dolore.</description>
		<status>For Sale</status>
		<broker>
			<code>870JM4</code>
			<phone>1-575-457-5965</phone>
			<name>Holland Real Estate of Thompsonchester</name>
		</broker>
		<agent>
			<code>188J5N5</code>
			<phone>(100)464-6648x82672</phone>
			<name>Courtney Brown</name>
		</agent>
		<address>
			<zip>71522</zip>
			<city>Lake Jessica</city>
			<street>8202 Peterson Landing Suite 512</street>
			<state>NV</state>
		</address>
		<mls_number>11804514</mls_number>
		<type>Apartment</type>
	</listing>
	<listing>
		<price>310000</price>
		<description>Hic rem ipsum laborum tempore praesentium mollitia. Ducimus molestiae illo doloremque aut adipisci porro. Repudiandae sapiente nam expedita nihil commodi. Velit saepe vitae autem facilis voluptatem voluptate culpa.
Reiciendis ullam ullam voluptatem nihil optio laudantium. Quasi assumenda tempora consequatur earum amet perspiciatis.
Nam atque quasi possimus nemo culpa earum ipsa. Ipsam fugit qui dolor illum nemo quod eveniet placeat. Veritatis voluptates saepe dolor. Possimus explicabo consectetur dolor ad.
Quis eos laboriosam aspernatur excepturi consequatur. Neque nam non ipsum voluptates quibusdam voluptatibus non. Delectus veniam illum occaecati repellat facilis quod.
Ut facilis voluptatum consectetur cum saepe. Dolor non nisi sit adipisci beatae. Vero voluptate dolore aspernatur sapiente ipsam. Exercitationem quo vero tempore autem numquam nam accusantium.</description>
		<status>For Sale</status>
		<broker>
			<code>7971J8L7</code>
			<phone>000.276.2407x4641</phone>
			<name>Ward Realty</name>
		</broker>
		<agent>
			<code>53364HP6</code>
			<phone>1-819-409-1503x142</phone>
			<name>Ricky Dickerson</name>
		</agent>
		<address>
			<zip>79498-7009</zip>
			<city>Nathanielshire</city>
			<street>31268 Kimberly Knolls</street>
			<state>FM</state>
		</address>
		<mls_number>67</mls_number>
		<type>Apartment</type>
	</listing>
	<listing>
		<price>950</price>
		<description>Dolorem hic aperiam amet aperiam. Vel debitis eveniet reprehenderit sint. Perferendis hic nemo molestiae nobis quidem excepturi maiores. Tenetur rerum harum ducimus nulla esse rem at.</description>
		<status>For Rent</status>
		<broker>
			<code>8F8Q9</code>
			<phone>1-280-398-2410x852</phone>
			<name>Laura Sanchez &amp; Associates</name>
		</broker>
		<agent>
			<code>3602G5V7</code>
			<phone>846.322.0230</phone>
			<name>Paul Burke</name>
		</agent>
		<address>
			<zip>02530</zip>
			<city>Sierraberg</city>
			<street>473 Dillon Union Apt. 804</street>
			<state>SC</state>
		</address>
		<mls_number>9952336</mls_number>
		<type>Apartment</type>
	</listing>
	<listing>
		<price>1600</price>
		<description>A earum odit reiciendis animi fugit. Similique nam possimus expedita impedit. Repellendus commodi totam voluptatem nesciunt aspernatur earum accusamus. Optio vero eaque quos dolore iure doloremque.
Tempora molestiae repellat aliquid vitae iste. Adipisci assumenda suscipit vitae excepturi nemo eos. Atque temporibus incidunt quibusdam hic placeat enim.
Corrupti recusandae delectus error minus. Mollitia blanditiis mollitia quae velit. Numquam commodi repellendus facilis quibusdam voluptatum numquam. Magni ipsam minima suscipit dolores.</description>
		<status>For Rent</status>
		<broker>
			<code>8F8Q9</code>
			<phone>1-280-398-2410x852</phone>
			<name>Laura Sanchez &amp; Associates</name>
		</broker>
		<agent>
			<code>48616162T0E6</code>
			<phone>(641)069-8923x919</phone>
			<name>Michael Scott</name>
		</agent>
		<address>
			<zip>99213-3506</zip>
			<city>Lake Amberberg</city>
			<street>09758 Davis Parks</street>
			<state>TX</state>
		</address>
		<mls_number>509381</mls_number>
		<type>Apartment</type>
	</listing>
	<listing>
		<price>187000</price>
		<description>Veniam omnis pariatur magni dolorem.</description>
		<status>For Sale</status>
		<broker>
			<code>8F8Q9</code>
			<phone>1-280-398-2410x852</phone>
			<name>Laura Sanchez &amp; Associates</name>
		</broker>
		<agent>
			<code>3602G5V7</code>
			<phone>846.322.0230</phone>
			<name>Paul Burke</name>
		</agent>
		<address>
			<zip>41434-8953</zip>
			<city>Johnathanstad</city>
			<street>38281 Meghan Mall Suite 215</street>
			<state>NC</state>
		</address>
		<mls_number>16</mls_number>
		<type>Residential</type>
	</listing>
	<listing>
		<price>1250</price>
		<description>Similique perspiciatis illo quos suscipit. Officiis sequi doloremque molestias excepturi ut aperiam. Fugit labore et tempore deleniti quaerat.
Voluptas expedita ipsam sed voluptatibus distinctio. Possimus corrupti possimus amet quibusdam nobis deleniti harum. Minima quidem illum rem iusto consequuntur ex hic sed.
In ut distinctio beatae voluptatibus. Veniam placeat esse culpa. Fugiat cupiditate eius perferendis quidem.
Repellat libero facere incidunt nam quidem saepe id. Excepturi quisquam magnam velit quidem eveniet. Hic sint dicta rerum mollitia quos. Saepe magni ullam at explicabo.
Optio provident doloribus esse voluptatum id delectus. Illo voluptate quae pariatur hic explicabo. Neque laboriosam et delectus adipisci similique neque. Explicabo voluptate error mollitia sed delectus laudantium.</description>
		<status>For Rent</status>
		<broker>
			<code>7971J8L7</code>
			<phone>000.276.2407x4641</phone>
			<name>Ward Realty</name>
		</broker>
		<agent>
			<code>53364HP6</code>
			<phone>1-819-409-1503x142</phone>
			<name>Ricky Dickerson</name>
		</agent>
		<address>
			<zip>87186</zip>
			<city>Tylerport</city>
			<street>78279 Kristie Walk</street>
			<state>MD</state>
		</address>
		<mls_number>32472417</mls_number>
		<type>Residential</type>
	</listing>
	<listing>
		<price>471000</price>
		<description>Rem quos cum nobis itaque. Excepturi cupiditate autem dolores exercitationem. Quisquam vel totam harum harum nostrum alias inventore laboriosam. Blanditiis deleniti suscipit iure mollitia.</description>
		<status>For Sale</status>
		<broker>
			<code>48258888R7C4</code>
			<phone>04210861693</phone>
			<name>Dunlap Realty</name>
		</broker>
		<agent>
			<code>5700576510HX4</code>
			<phone>129.237.8685x149</phone>
			<name>Tamara Frazier</name>
		</agent>
		<address>
			<zip>02589</zip>
			<city>Quinnshire</city>
			<street>26650 Linda Plaza</street>
			<state>MH</state>
		</address>
		<mls_number>317792</mls_number>
		<type>Residential</type>
	</listing>
	<listing>
		<price>476000</price>
		<description>Aliquam odit voluptate ducimus accusamus consequuntur similique. Aliquam atque impedit tempora asperiores saepe ratione.
A veniam sed delectus facilis provident ex qui. Doloribus unde laborum tempore quo perferendis. Harum a id voluptatum possimus.
Rem ab magni ad. Inventore quia neque debitis in quia magni. Atque aliquam sint tempore ipsam nostrum quaerat.
Esse nisi vel nam esse harum quaerat distinctio. Hic nemo laudantium expedita cupiditate ad et a est. Natus numquam mollitia natus eveniet non aut explicabo.
Explicabo voluptas quo soluta quaerat voluptates laboriosam ab. Temporibus soluta dolorum iste consequatur neque. Hic aperiam dolore reprehenderit fugit. Cum voluptas unde exercitationem sunt laboriosam tempore.</description>
		<status>For Sale</status>
		<broker>
			<code>870JM4</code>
			<phone>1-575-457-5965</phone>
			<name>Holland Real Estate of Thompsonchester</name>
		</broker>
		<agent>
			<code>6978V0K9</code>
			<phone>979-878-6969x08376</phone>
			<name>Catherine Hess</name>
		</agent>
		<address>
			<zip>10162</zip>
			<city>New Valerie</city>
			<street>30606 David Mission</street>
			<state>HI</state>
		</address>
		<mls_number>7913</mls_number>
		<type>Residential</type>
	</listing>
	<listing>
		<price>1900</price>
		<description>Itaque ipsa laborum tempora praesentium voluptatibus et voluptatem. Ab ipsa animi impedit. Iure commodi optio aspernatur quae tempora nemo explicabo.
Distinctio ex velit mollitia hic. Amet ratione accusantium fugiat quidem ducimus impedit quam. Voluptas iusto veritatis quaerat reprehenderit numquam sapiente. Esse quis odio ipsam unde eveniet.</description>
		<status>For Rent</status>
		<broker>
			<code>7971J8L7</code>
			<phone>000.276.2407x4641</phone>
			<name>Ward Realty</name>
		</broker>
		<agent>
			<code>322085715KY7</code>
			<phone>05228491750</phone>
			<name>Brooke Johnson</name>
		</agent>
		<address>
			<zip>27437-8802</zip>
			<city>Amyhaven</city>
			<street>62073 Melissa Rapids</street>
			<state>MD</state>
		</address>
		<mls_number>74848</mls_number>
		<type>Apartment</type>
	</listing>
	<listing>
		<price>1200</price>
		<description>Distinctio quisquam dolorem dignissimos deserunt. Accusamus in eius nisi cum commodi. Doloremque dolor ratione nulla consectetur repellendus sunt quod.</description>
		<status>For Rent</status>
		<broker>
			<code>8F8Q9</code>
			<phone>1-280-398-2410x852</phone>
			<name>Laura Sanchez &amp; Associates</name>
		</broker>
		<agent>
			<code>34F7V1</code>
			<phone>640.988.4537</phone>
			<name>Scott Park</name>
		</agent>
		<address>
			<zip>82957-3529</zip>
			<city>Fisherton</city>
			<street>67891 Luis Springs Suite 694</street>
			<state>WV</state>
		</address>
		<mls_number>9</mls_number>
		<type>Residential</type>
	</listing>
	<listing>
		<price>292000</price>
		<description>Porro nihil quas beatae. Facilis et voluptates accusantium nihil aut amet. Vero possimus nisi adipisci impedit. Esse id labore nostrum occaecati ab.
Quas nam necessitatibus quibusdam dicta beatae dolor. Tempora tempora facilis illo asperiores harum.</description>
		<status>For Sale</status>
		<broker>
			<code>870JM4</code>
			<phone>1-575-457-5965</phone>
			<name>Holland Real Estate of Thompsonchester</name>
		</broker>
		<agent>
			<code>38CQ7</code>
			<phone>(353)789-9127</phone>
			<name>Melissa Fry</name>
		</agent>
		<address>
			<zip>94558-0778</zip>
			<city>Lake Amanda</city>
			<street>927 Samuel Light</street>
			<state>AL</state>
		</address>
		<mls_number>1992</mls_number>
		<type>Apartment</type>
	</listing>
	<listing>
		<price>146000</price>
		<description>Suscipit et enim praesentium commodi officia. Rem ab ab voluptas consequatur eum. Temporibus maxime reprehenderit maiores aliquid tempora. Repellat enim quam ducimus.
Molestiae consectetur ullam doloremque aperiam. Modi magnam eius porro perferendis quae repudiandae. Maxime expedita odio quas error distinctio asperiores quasi aliquid. Corrupti quas beatae eveniet ea sequi a tenetur dolores. Expedita ducimus earum tempora adipisci blanditiis impedit optio enim.
Cumque ad explicabo tempore dolore laborum in. Sint perferendis culpa itaque voluptate expedita ea quasi qui. Eaque maiores aliquid fuga voluptatum.
Iste magni aliquid placeat nisi voluptatum temporibus. Perferendis atque reprehenderit illum voluptatibus adipisci doloribus eius. Nulla doloremque at veritatis laborum inventore. Voluptatibus dolores est quo autem laborum mollitia.</description>
		<status>For Sale</status>
		<broker>
			<code>48258888R7C4</code>
			<phone>04210861693</phone>
			<name>Dunlap Realty</name>
		</broker>
		<agent>
			<code>595976509U25</code>
			<phone>293.225.4378x8746</phone>
			<name>Gregory Conner</name>
		</agent>
		<address>
			<zip>43646-2715</zip>
			<city>Martinview</city>
			<street>086 Alvarez Oval Apt. 074</street>
			<state>NY</state>
		</address>
		<mls_number>3735</mls_number>
		<type>Apartment</type>
	</listing>
	<listing>
		<price>700</price>
		<description>Quo ut praesentium qui doloremque aut consequuntur sed. Excepturi enim repudiandae blanditiis ratione.</description>
		<status>For Rent</status>
		<broker>
			<code>7971J8L7</code>
			<phone>000.276.2407x4641</phone>
			<name>Ward Realty</name>
		</broker>
		<agent>
			<code>322085715KY7</code>
			<phone>05228491750</phone>
			<name>Brooke Johnson</name>
		</agent>
		<address>
			<zip>67121</zip>
			<city>New Jenniferburgh</city>
			<street>003 Alex Mountain</street>
			<state>NH</state>
		</address>
		<mls_number>94</mls_number>
		<type>Apartment</type>
	</listing>
	<listing>
		<price>219000</price>
		<description>Repellendus enim saepe qui optio iusto officia. Nobis inventore inventore libero inventore. Ipsam atque reiciendis eaque ipsa repellat ipsum. Commodi nam qui sapiente provident facilis.</description>
		<status>For Sale</status>
		<broker>
			<code>7971J8L7</code>
			<phone>000.276.2407x4641</phone>
			<name>Ward Realty</name>
		</broker>
		<agent>
			<code>53364HP6</code>
			<phone>1-819-409-1503x142</phone>
			<name>Ricky Dickerson</name>
		</agent>
		<address>
			<zip>64342</zip>
			<city>Wilsonburgh</city>
			<street>030 Lance Ville</street>
			<state>WV</state>
		</address>
		<mls_number>5775</mls_number>
		<type>Apartment</type>
	</listing>
	<listing>
		<price>500</price>
		<description>Ratione beatae sequi architecto fugit vitae. Excepturi deleniti nostrum nemo maxime amet. Ab iusto exercitationem culpa dignissimos minus iste beatae tempora.
Velit eligendi esse sint illum. Suscipit et similique corrupti quae. Soluta optio aspernatur hic tenetur qui fugiat.
Doloribus voluptatibus veniam pariatur veritatis. Sed reprehenderit id cupiditate temporibus atque officia animi facilis. Ratione numquam minima tenetur odio. Eaque vitae dignissimos ad amet.
Cum dolor fuga deserunt rem. Placeat repudiandae necessitatibus porro dolores nihil numquam provident molestias. Laboriosam quaerat quo vero quos id delectus maiores.</description>
		<status>For Rent</status>
		<broker>
			<code>870JM4</code>
			<phone>1-575-457-5965</phone>
			<name>Holland Real Estate of Thompsonchester</name>
		</broker>
		<agent>
			<code>38CQ7</code>
			<phone>(353)789-9127</phone>
			<name>Melissa Fry</name>
		</agent>
		<address>
			<zip>63009-0197</zip>
			<city>South Marie</city>
			<street>371 Jimenez Knoll Suite 249</street>
			<state>NV</state>
		</address>
		<mls_number>1335303</mls_number>
		<type>Residential</type>
	</listing>
	<listing>
		<price>1350</price>
		<description>Voluptatibus autem ea praesentium maiores accusamus. Fuga tempora facere porro atque. Reiciendis nemo cum ducimus ad. Fugit quasi quidem aliquid vel veritatis.</description>
		<status>For Rent</status>
		<broker>
			<code>8F8Q9</code>
			<phone>1-280-398-2410x852</phone>
			<name>Laura Sanchez &amp; Associates</name>
		</broker>
		<agent>
			<code>48616162T0E6</code>
			<phone>(641)069-8923x919</phone>
			<name>Michael Scott</name>
		</agent>
		<address>
			<zip>78167</zip>
			<city>Bullockview</city>
			<street>8514 Zachary Locks</street>
			<state>MA</state>
		</address>
		<mls_number>55</mls_number>
		<type>Residential</type>
	</listing>
	<listing>
		<price>113000</price>
		<description>A necessitatibus voluptatibus nam fuga sunt deserunt. Hic qui occaecati ab eligendi laboriosam tenetur. Voluptatibus necessitatibus illum vel.
Maxime officia soluta molestias omnis reiciendis. Hic doloremque earum consectetur odio soluta eaque. Itaque vero delectus voluptas excepturi aut consectetur.
Culpa nihil officia adipisci nihil. Autem occaecati nobis distinctio numquam odit vitae fuga.
Laboriosam blanditiis odio nulla velit. Tempore ducimus repellendus repellat ducimus quod. Ducimus quia ratione vel adipisci voluptatem magni voluptatum provident.</description>
		<status>For Sale</status>
		<broker>
			<code>7971J8L7</code>
			<phone>000.276.2407x4641</phone>
			<name>Ward Realty</name>
		</broker>
		<agent>
			<code>322085715KY7</code>
			<phone>05228491750</phone>
			<name>Brooke Johnson</name>
		</agent>
		<address>
			<zip>47426</zip>
			<city>Nicholasmouth</city>
			<street>828 Nathan Drive Apt. 267</street>
			<state>AR</state>
		</address>
		<mls_number>496</mls_number>
		<type>Residential</type>
	</listing>
	<listing>
		<price>1050</price>
		<description>Praesentium voluptatem quibusdam beatae placeat facilis iste officia. Officia impedit modi nesciunt quidem illum. Velit quaerat minus ratione tempora delectus possimus. Perferendis ullam qui quasi iste sit sint.
Saepe culpa totam temporibus porro aperiam quaerat. Quasi nemo cupiditate fugiat. Sit tempore voluptatem quibusdam temporibus.
Recusandae eos explicabo asperiores veritatis in inventore. Optio natus possimus dolore similique est voluptatum ad. Suscipit officia dolorum nobis quis. Et magni fugit quod repellendus quo.</description>
		<status>For Rent</status>
		<broker>
			<code>8F8Q9</code>
			<phone>1-280-398-2410x852</phone>
			<name>Laura Sanchez &amp; Associates</name>
		</broker>
		<agent>
			<code>45N34</code>
			<phone>1-910-716-6058</phone>
			<name>Karen Zuniga</name>
		</agent>
		<address>
			<zip>26724-9474</zip>
			<city>Haysshire</city>
			<street>79973 Washington Shoals</street>
			<state>AZ</state>
		</address>
		<mls_number>87068</mls_number>
		<type>Apartment</type>
	</listing>
	<listing>
		<price>124000</price>
		<description>Asperiores nulla ullam iusto. Recusandae quasi facere ipsa eaque doloremque. Maxime culpa ea perferendis iste impedit.
Sunt autem dolores eveniet laudantium vel vero laboriosam. Hic ea rerum quasi explicabo praesentium harum eligendi. Magni aperiam cum consequuntur fugiat velit.
Aliquam alias distinctio amet reiciendis accusamus perspiciatis iusto. Quos aliquid facere molestias quos accusantium nihil placeat. Error neque impedit eveniet et tenetur alias.
Quis sapiente ipsam quam minus dolores totam fuga omnis. Omnis ducimus aspernatur aperiam. In et iste quam natus odit.</description>
		<status>For Sale</status>
		<broker>
			<code>7971J8L7</code>
			<phone>000.276.2407x4641</phone>
			<name>Ward Realty</name>
		</broker>
		<agent>
			<code>53364HP6</code>
			<phone>1-819-409-1503x142</phone>
			<name>Ricky Dickerson</name>
		</agent>
		<address>
			<zip>07171-3274</zip>
			<city>Kingborough</city>
			<street>159 Wong Locks Apt. 605</street>
			<state>LA</state>
		</address>
		<mls_number>642</mls_number>
		<type>Apartment</type>
	</listing>
	<listing>
		<price>1150</price>
		<description>Atque facere laborum repudiandae voluptatibus nihil necessitatibus omnis. Beatae facere cumque vel odit laborum. Nesciunt nobis illo voluptatibus. Nihil sint provident saepe totam quasi.
In eos repellendus sed impedit velit dignissimos iste. Harum placeat maiores delectus veritatis voluptates unde id quisquam. Impedit eum debitis praesentium omnis cupiditate repellat porro.
Libero saepe rem consectetur quae tempore odit. Officiis magni consequuntur eligendi. Praesentium dolor hic sint earum nobis ex.
Sed officia mollitia earum iusto. Cumque quo quo et rem. Neque excepturi fugiat dolore exercitationem quae rem. Dignissimos officia quis impedit.</description>
		<status>For Rent</status>
		<broker>
			<code>8F8Q9</code>
			<phone>1-280-398-2410x852</phone>
			<name>Laura Sanchez &amp; Associates</name>
		</broker>
		<agent>
			<code>3187936I55</code>
			<phone>(389)219-4803x486</phone>
			<name>James Gonzalez</name>
		</agent>
		<address>
			<zip>33007</zip>
			<city>Hammondberg</city>
			<street>3714 Ashley Mill</street>
			<state>AS</state>
		</address>
		<mls_number>34714849</mls_number>
		<type>Apartment</type>
	</listing>
	<listing>
		<price>196000</price>
		<description>Quos iusto incidunt illo perspiciatis quidem ratione repellendus. Debitis optio placeat aperiam sequi amet odio voluptatum.
Error animi deserunt velit. Ullam est nam ipsum mollitia est animi assumenda. Corporis doloremque quisquam distinctio dicta neque. Maxime illum veniam earum blanditiis.
Nam architecto quis distinctio ipsum numquam quos. Assumenda voluptates maiores rerum praesentium sunt odio quas. Reiciendis sequi nesciunt vel praesentium rerum voluptatem architecto. Eos nulla dolorum velit autem deleniti enim reiciendis.</description>
		<status>For Sale</status>
		<broker>
			<code>7971J8L7</code>
			<phone>000.276.2407x4641</phone>
			<name>Ward Realty</name>
		</broker>
		<agent>
			<code>322085715KY7</code>
			<phone>05228491750</phone>
			<name>Brooke Johnson</name>
		</agent>
		<address>
			<zip>09506-5553</zip>
			<city>South Larry</city>
			<street>99103 Mary Station Apt. 820</street>
			<state>UT</state>
		</address>
		<mls_number>7</mls_number>
		<type>Apartment</type>
	</listing>
	<listing>
		<price>478000</price>
		<description>Modi voluptates id laudantium. Ad laboriosam atque officiis eligendi a ad quis. Cumque quae provident nesciunt perspiciatis.
Neque repudiandae nihil soluta deserunt suscipit facilis quisquam recusandae. Omnis laudantium natus illo labore quaerat sequi vel. Aut ullam quas hic. Aspernatur minima quasi placeat consequatur soluta delectus.
Placeat perspiciatis velit earum porro ea ipsam aliquid. Ipsa exercitationem impedit nesciunt quod. Ducimus sequi quis nesciunt voluptatem tempora et.
Earum ab deserunt sunt alias eveniet deleniti odio. Quasi neque fuga facilis unde. Ex laudantium esse error nesciunt quod.
Saepe corrupti optio quod esse doloremque. Animi dolorum dolorem ut accusamus. Tenetur officiis quidem amet corrupti.
Id minima minima omnis accusamus. Molestias nobis unde reiciendis in aliquid inventore. Ab in fugiat expedita aut. Dolorem porro libero saepe animi.</description>
		<status>For Sale</status>
		<broker>
			<code>7971J8L7</code>
			<phone>000.276.2407x4641</phone>
			<name>Ward Realty</name>
		</broker>
		<agent>
			<code>53364HP6</code>
			<phone>1-819-409-1503x142</phone>
			<name>Ricky Dickerson</name>
		</agent>
		<address>
			<zip>55220-2766</zip>
			<city>Lake Jaredbury</city>
			<street>73871 Wallace Loaf Apt. 398</street>
			<state>ME</state>
		</address>
		<mls_number>794242235</mls_number>
		<type>Residential</type>
	</listing>
	<listing>
		<price>1900</price>
		<description>Nulla qui hic voluptate. Corporis suscipit et reiciendis accusamus sapiente. Enim facere corrupti omnis molestiae similique exercitationem accusamus. Laboriosam quod facere id eos officiis.
Saepe qui similique fugiat. Fugit culpa nemo rem nemo. Vel molestiae eum ullam temporibus voluptatem illo. Architecto sunt tempora architecto in ipsa quidem.
Recusandae natus magnam unde. Impedit amet quo veniam. Placeat aperiam id harum eos. Fugit velit veniam corrupti est accusamus quasi et.
Accusamus explicabo laboriosam quasi non. Eveniet earum doloremque amet officia. Ab temporibus occaecati culpa itaque.</description>
		<status>For Rent</status>
		<broker>
			<code>48258888R7C4</code>
			<phone>04210861693</phone>
			<name>Dunlap Realty</name>
		</broker>
		<agent>
			<code>535906OH9</code>
			<phone>(130)901-4246x528</phone>
			<name>Kevin Griffin</name>
		</agent>
		<address>
			<zip>40804</zip>
			<city>Deanchester</city>
			<street>4349 Taylor Harbors Suite 398</street>
			<state>TN</state>
		</address>
		<mls_number>187381367</mls_number>
		<type>Residential</type>
	</listing>
	<listing>
		<price>334000</price>
		<description>At sequi aliquid sed maiores. Aperiam nam adipisci minus veritatis facilis culpa reprehenderit facilis. Optio quae vero amet ipsa esse doloremque. Ea fuga quidem illum distinctio amet eligendi.
Quidem ad laudantium quae harum quaerat. Delectus nihil exercitationem inventore molestiae. Ullam cupiditate ipsa animi nobis vel ipsa.
In fugiat repudiandae autem nostrum architecto accusantium. Recusandae possimus tempore dignissimos labore quibusdam numquam unde. Nobis explicabo officia quibusdam. Ea nisi reiciendis recusandae qui temporibus.</description>
		<status>For Sale</status>
		<broker>
			<code>7971J8L7</code>
			<phone>000.276.2407x4641</phone>
			<name>Ward Realty</name>
		</broker>
		<agent>
			<code>322085715KY7</code>
			<phone>05228491750</phone>
			<name>Brooke Johnson</name>
		</agent>
		<address>
			<zip>74138-9736</zip>
			<city>Johnsonview</city>
			<street>307 Jones Hollow Suite 183</street>
			<state>TX</state>
		</address>
		<mls_number>29</mls_number>
		<type>Residential</type>
	</listing>
	<listing>
		<price>225000</price>
		<description>Officia quod blanditiis ipsum recusandae ipsam necessitatibus consequuntur. Ipsum natus animi esse. Cumque natus nam a facere officia maiores ex.
Modi modi occaecati ratione. Recusandae suscipit consequatur similique provident sit. Corporis nostrum eum quaerat aliquid eaque vero quam. Magni soluta ratione fugiat reiciendis.</description>
		<status>For Sale</status>
		<broker>
			<code>870JM4</code>
			<phone>1-575-457-5965</phone>
			<name>Holland Real Estate of Thompsonchester</name>
		</broker>
		<agent>
			<code>188J5N5</code>
			<phone>(100)464-6648x82672</phone>
			<name>Courtney Brown</name>
		</agent>
		<address>
			<zip>88918-9281</zip>
			<city>Mckeechester</city>
			<street>451 Williams Forge Suite 734</street>
			<state>AZ</state>
		</address>
		<mls_number>40604</mls_number>
		<type>Apartment</type>
	</listing>
	<listing>
		<price>1100</price>
		<description>Atque doloremque laudantium enim iusto adipisci unde culpa. Assumenda ullam cumque inventore deleniti veritatis non. Exercitationem numquam doloribus eaque dicta. Placeat ipsam ex quibusdam voluptas dolore.
Ea qui consequatur aut blanditiis. Facere blanditiis quas earum optio repellendus porro.</description>
		<status>For Rent</status>
		<broker>
			<code>48258888R7C4</code>
			<phone>04210861693</phone>
			<name>Dunlap Realty</name>
		</broker>
		<agent>
			<code>595976509U25</code>
			<phone>293.225.4378x8746</phone>
			<name>Gregory Conner</name>
		</agent>
		<address>
			<zip>05305-2562</zip>
			<city>South Tammy</city>
			<street>553 Jennifer Lakes Apt. 049</street>
			<state>VI</state>
		</address>
		<mls_number>195655</mls_number>
		<type>Residential</type>
	</listing>
	<listing>
		<price>1700</price>
		<description>Repudiandae excepturi at ullam voluptas nam. Veniam quaerat incidunt alias excepturi voluptates neque. Asperiores blanditiis nam est maiores dicta quasi. Nam eaque suscipit excepturi totam totam quod aliquid omnis.
Similique dolores odio at laborum molestiae praesentium. Unde expedita accusantium dolores ipsam vero autem. Reprehenderit deserunt voluptatibus asperiores nulla corrupti dolore.
Harum modi fugiat sint voluptatum at. Veniam repellat voluptates itaque atque dolorum maxime iusto. Ducimus architecto a iusto doloribus quia. Iusto possimus maiores voluptatibus corporis exercitationem eum.
Asperiores soluta necessitatibus repudiandae nisi necessitatibus necessitatibus. Rem eum ipsam ipsam vel nam. Alias tenetur qui voluptates placeat.</description>
		<status>For Rent</status>
		<broker>
			<code>48258888R7C4</code>
			<phone>04210861693</phone>
			<name>Dunlap Realty</name>
		</broker>
		<agent>
			<code>82733618I3</code>
			<phone>(777)892-7828x60009</phone>
			<name>William Mcmahon</name>
		</agent>
		<address>
			<zip>76042-5454</zip>
			<city>Huntertown</city>
			<street>0783 Brenda Lake Apt. 920</street>
			<state>MN</state>
		</address>
		<mls_number>12</mls_number>
		<type>Residential</type>
	</listing>
	<listing>
		<price>850</price>
		<description>Distinctio libero id dolorem ullam. Iure id tempore porro vel. Ipsam magni vero debitis at saepe ipsam.</description>
		<status>For Rent</status>
		<broker>
			<code>8F8Q9</code>
			<phone>1-280-398-2410x852</phone>
			<name>Laura Sanchez &amp; Associates</name>
		</broker>
		<agent>
			<code>45N34</code>
			<phone>1-910-716-6058</phone>
			<name>Karen Zuniga</name>
		</agent>
		<address>
			<zip>20474-7035</zip>
			<city>New Desireeville</city>
			<street>9078 Ryan Union</street>
			<state>FL</state>
		</address>
		<mls_number>885163823</mls_number>
		<type>Residential</type>
	</listing>
	<listing>
		<price>1750</price>
		<description>Occaecati molestias debitis aspernatur. Laborum maiores doloribus magnam sint. Nisi quasi est ullam iure iure quasi rerum. Nesciunt hic similique consequatur eos fugit.
Dolorum eaque natus facilis non animi totam debitis magnam. Cum eveniet illum dolorem odio alias. Adipisci aspernatur accusantium itaque praesentium molestiae similique modi. Error sit odio cum hic ducimus veniam atque.</description>
		<status>For Rent</status>
		<broker>
			<code>8F8Q9</code>
			<phone>1-280-398-2410x852</phone>
			<name>Laura Sanchez &amp; Associates</name>
		</broker>
		<agent>
			<code>48616162T0E6</code>
			<phone>(641)069-8923x919</phone>
			<name>Michael Scott</name>
		</agent>
		<address>
			<zip>76378</zip>
			<city>Port Maria</city>
			<street>86153 Holden Knolls</street>
			<state>MS</state>
		</address>
		<mls_number>886881966</mls_number>
		<type>Apartment</type>
	</listing>
	<listing>
		<price>1750</price>
		<description>Voluptatibus ratione odio iure exercitationem ut accusantium. Magnam in eos culpa minus cumque placeat autem. Repellendus tenetur quam pariatur nostrum reiciendis fugiat dolore.
Architecto deleniti eos magnam ex. Omnis velit repudiandae sunt est voluptatibus mollitia. Pariatur ut sint suscipit quae. Fuga assumenda eligendi eligendi.
Ad facilis nostrum libero magni. Vero dolores repellendus aperiam ex suscipit impedit. Minus accusamus nemo dolor architecto animi repudiandae. Distinctio explicabo eum mollitia.</description>
		<status>For Rent</status>
		<broker>
			<code>48258888R7C4</code>
			<phone>04210861693</phone>
			<name>Dunlap Realty</name>
		</broker>
		<agent>
			<code>82733618I3</code>
			<phone>(777)892-7828x60009</phone>
			<name>William Mcmahon</name>
		</agent>
		<address>
			<zip>32321</zip>
			<city>Stephenstad</city>
			<street>08935 Cody Springs Suite 171</street>
			<state>HI</state>
		</address>
		<mls_number>11</mls_number>
		<type>Residential</type>
	</listing>
	<listing>
		<price>237000</price>
		<description>Dolorum est et in nostrum neque aliquid error. Iusto cupiditate dignissimos eveniet quia. Iusto aliquid minus ut consectetur laborum.
Labore minus sint dolor doloribus nostrum quos. Facere repudiandae soluta quod deserunt qui odio.
Praesentium reprehenderit dolor temporibus qui dolorum tempora. Molestias accusantium illum aliquid totam quas. Voluptas eveniet possimus iure inventore officia voluptas. Nam ipsum dolore corrupti incidunt accusantium itaque vitae autem.
Quis itaque architecto iure illum. Quia eligendi earum deserunt placeat. Aspernatur inventore necessitatibus inventore perferendis. Quia id fugit eaque ipsum.
At illum saepe quaerat commodi maxime dicta. Molestias ut harum totam enim id inventore quas. Ut necessitatibus porro officiis quidem. Officiis cupiditate adipisci dolorem ipsam voluptas.
Distinctio unde aliquid enim doloribus fugit. Eveniet sequi autem tempore aliquid accusamus incidunt quos. Delectus corporis cupiditate repellat laborum officiis nihil.</description>
		<status>For Sale</status>
		<broker>
			<code>870JM4</code>
			<phone>1-575-457-5965</phone>
			<name>Holland Real Estate of Thompsonchester</name>
		</broker>
		<agent>
			<code>6978V0K9</code>
			<phone>979-878-6969x08376</phone>
			<name>Catherine Hess</name>
		</agent>
		<address>
			<zip>69006</zip>
			<city>Michaelside</city>
			<street>080 Lauren Crescent</street>
			<state>SD</state>
		</address>
		<mls_number>7</mls_number>
		<type>Residential</type>
	</listing>
	<listing>
		<price>181000</price>
		<description>Dignissimos repellat veniam provident itaque accusamus alias repellendus. Veniam nostrum nam nostrum officiis placeat excepturi quas consequatur. At velit expedita ratione adipisci porro maiores voluptas.
Eos magnam laboriosam necessitatibus. Voluptates odio eligendi accusamus quas. Perspiciatis voluptatibus totam omnis quam veritatis harum assumenda explicabo.
Dolores aliquam facilis doloribus atque sit quo. Quis sed dolorum ea sed sequi. A ullam tempore in aut aliquid.
Incidunt eligendi quas sequi quis dicta nostrum error. Ratione nihil rerum eveniet reiciendis. Non doloremque ex quo.</description>
		<status>For Sale</status>
		<broker>
			<code>48258888R7C4</code>
			<phone>04210861693</phone>
			<name>Dunlap Realty</name>
		</broker>
		<agent>
			<code>5700576510HX4</code>
			<phone>129.237.8685x149</phone>
			<name>Tamara Frazier</name>
		</agent>
		<address>
			<zip>26167-0312</zip>
			<city>Barbarabury</city>
			<street>8035 Donna Divide</street>
			<state>PW</state>
		</address>
		<mls_number>9997</mls_number>
		<type>Apartment</type>
	</listing>
	<listing>
		<price>1050</price>
		<description>Eveniet ut ipsam ullam laboriosam necessitatibus perferendis quae. Modi sequi harum fuga perferendis quas voluptatibus a impedit. Tempore architecto beatae soluta quae voluptatem voluptatem. Repudiandae error ex laboriosam quod.</description>
		<status>For Rent</status>
		<broker>
			<code>48258888R7C4</code>
			<phone>04210861693</phone>
			<name>Dunlap Realty</name>
		</broker>
		<agent>
			<code>595976509U25</code>
			<phone>293.225.4378x8746</phone>
			<name>Gregory Conner</name>
		</agent>
		<address>
			<zip>72182</zip>
			<city>East Rayborough</city>
			<street>8005 Brian Ports</street>
			<state>MS</state>
		</address>
		<mls_number>88</mls_number>
		<type>Apartment</type>
	</listing>
	<listing>
		<price>248000</price>
		<description>Labore adipisci repellendus ab corrupti. Debitis ullam molestias doloremque earum alias odio. Impedit dolorem qui minima ut eum. Quos asperiores libero repudiandae quis.
Quibusdam expedita odit nobis numquam. Dolorem quae laboriosam facilis libero voluptate expedita alias. Ullam non autem cum cupiditate dolores sunt doloribus. In et laboriosam consectetur quisquam. Error ad hic qui quibusdam.</description>
		<status>For Sale</status>
		<broker>
			<code>8F8Q9</code>
			<phone>1-280-398-2410x852</phone>
			<name>Laura Sanchez &amp; Associates</name>
		</broker>
		<agent>
			<code>45N34</code>
			<phone>1-910-716-6058</phone>
			<name>Karen Zuniga</name>
		</agent>
		<address>
			<zip>64872</zip>
			<city>North Stacy</city>
			<street>246 Jackson Underpass Apt. 790</street>
			<state>ME</state>
		</address>
		<mls_number>26</mls_number>
		<type>Apartment</type>
	</listing>
	<listing>
		<price>243000</price>
		<description>Reprehenderit qui facere qui reprehenderit illum. Doloremque quia quam itaque dolor impedit laudantium. Quas magni et laborum magnam.
Incidunt ratione iusto consequatur nesciunt mollitia. Quod nemo architecto eligendi quo. Perferendis iure cum officiis dolor rem nostrum voluptate.</description>
		<status>For Sale</status>
		<broker>
			<code>48258888R7C4</code>
			<phone>04210861693</phone>
			<name>Dunlap Realty</name>
		</broker>
		<agent>
			<code>5700576510HX4</code>
			<phone>129.237.8685x149</phone>
			<name>Tamara Frazier</name>
		</agent>
		<address>
			<zip>66200</zip>
			<city>Mahoneyburgh</city>
			<street>628 Rodriguez Knolls Suite 752</street>
			<state>WI</state>
		</address>
		<mls_number>47805047</mls_number>
		<type>Residential</type>
	</listing>
	<listing>
		<price>444000</price>
		<description>Saepe at ut ut doloremque officiis possimus. Ullam rem quibusdam maiores illo commodi harum aliquid. Aliquid ipsa suscipit doloremque nostrum rerum ut unde.
Maxime quo reprehenderit eos nemo impedit. Earum esse doloribus dignissimos temporibus cupiditate eligendi. Dolorem itaque voluptatum consectetur autem suscipit libero tempore reprehenderit. Esse similique recusandae ipsam nobis at molestias.
Amet soluta necessitatibus iste esse. Officiis repellat est placeat corporis vel repellendus. Et corporis maxime sint cumque odio.</description>
		<status>For Sale</status>
		<broker>
			<code>8F8Q9</code>
			<phone>1-280-398-2410x852</phone>
			<name>Laura Sanchez &amp; Associates</name>
		</broker>
		<agent>
			<code>48616162T0E6</code>
			<phone>(641)069-8923x919</phone>
			<name>Michael Scott</name>
		</agent>
		<address>
			<zip>56374-3150</zip>
			<city>Port Donna</city>
			<street>1423 Raymond Forks Suite 335</street>
			<state>WV</state>
		</address>
		<mls_number>81</mls_number>
		<type>Residential</type>
	</listing>
	<listing>
		<price>101000</price>
		<description>Necessitatibus voluptate cupiditate non deleniti harum. Neque aliquid natus eos doloribus atque quia harum. Harum suscipit distinctio iste dolores voluptatum ducimus quod nihil.</description>
		<status>For Sale</status>
		<broker>
			<code>870JM4</code>
			<phone>1-575-457-5965</phone>
			<name>Holland Real Estate of Thompsonchester</name>
		</broker>
		<agent>
			<code>38CQ7</code>
			<phone>(353)789-9127</phone>
			<name>Melissa Fry</name>
		</agent>
		<address>
			<zip>70030</zip>
			<city>Randyview</city>
			<street>1867 Harmon Circle</street>
			<state>HI</state>
		</address>
		<mls_number>92458925</mls_number>
		<type>Apartment</type>
	</listing>
	<listing>
		<price>1850</price>
		<description>Mollitia accusantium numquam corrupti est at odit itaque aut. Aliquam cumque porro delectus eius fugiat. Suscipit assumenda ex dolores amet exercitationem. Voluptas ad doloremque recusandae in.
Quia vero aliquam totam dignissimos consequatur rerum quos blanditiis. Dicta dignissimos repellendus soluta deleniti consectetur suscipit natus. Facere sequi dolorem id commodi vel vero praesentium.</description>
		<status>For Rent</status>
		<broker>
			<code>7971J8L7</code>
			<phone>000.276.2407x4641</phone>
			<name>Ward Realty</name>
		</broker>
		<agent>
			<code>53364HP6</code>
			<phone>1-819-409-1503x142</phone>
			<name>Ricky Dickerson</name>
		</agent>
		<address>
			<zip>26826</zip>
			<city>Port Stefaniebury</city>
			<street>017 Hector Locks Suite 292</street>
			<state>NJ</state>
		</address>
		<mls_number>0</mls_number>
		<type>Apartment</type>
	</listing>
	<listing>
		<price>700</price>
		<description>Tempora deserunt voluptatum deleniti. Omnis amet eos ullam modi magnam. Dignissimos veritatis eaque aliquid quasi enim cumque tempora. Totam reprehenderit corrupti quia dolorum provident tempore saepe.
Tempora magni eos enim eligendi quidem nulla laudantium. Quas est minus distinctio culpa earum.
Neque sapiente at aut optio soluta architecto in tempora. Nisi accusamus totam quis doloremque.
Nulla illo quibusdam at ratione nihil. Dolore accusantium culpa ex nam occaecati nihil. Ratione quasi est culpa sed.
Necessitatibus ab velit aliquam. Mollitia voluptatem dicta facere praesentium autem quisquam at. Eligendi iure magnam fuga quidem. Laboriosam ducimus placeat harum quod ab ipsam.</description>
		<status>For Rent</status>
		<broker>
			<code>8F8Q9</code>
			<phone>1-280-398-2410x852</phone>
			<name>Laura Sanchez &amp; Associates</name>
		</broker>
		<agent>
			<code>3187936I55</code>
			<phone>(389)219-4803x486</phone>
			<name>James Gonzalez</name>
		</agent>
		<address>
			<zip>66268-4966</zip>
			<city>South Michaelmouth</city>
			<street>4838 Freeman Mews Suite 763</street>
			<state>MI</state>
		</address>
		<mls_number>294894507</mls_number>
		<type>Apartment</type>
	</listing>
	<listing>
		<price>1400</price>
		<description>Sed ipsa sed soluta necessitatibus at a repellat blanditiis. Molestiae reiciendis quos temporibus unde pariatur dignissimos. Accusantium odit sed reprehenderit labore recusandae officiis exercitationem iure. Assumenda ex est nostrum.
Inventore dolor voluptate nostrum veritatis nemo iusto corrupti error. Harum similique facere cumque reprehenderit veniam. Fugiat excepturi ex hic accusamus.
Totam veniam aspernatur quibusdam illum nobis. Delectus perspiciatis unde deleniti iure deserunt molestias fugiat. Odit veniam facilis tenetur vero minima.</description>
		<status>For Rent</status>
		<broker>
			<code>8F8Q9</code>
			<phone>1-280-398-2410x852</phone>
			<name>Laura Sanchez &amp; Associates</name>
		</broker>
		<agent>
			<code>3602G5V7</code>
			<phone>846.322.0230</phone>
			<name>Paul Burke</name>
		</agent>
		<address>
			<zip>37424-4134</zip>
			<city>Davisstad</city>
			<street>54609 Griffin Fields Suite 371</street>
			<state>ND</state>
		</address>
		<mls_number>73420</mls_number>
		<type>Apartment</type>
	</listing>
	<listing>
		<price>187000</price>
		<description>Delectus laborum odit minima rerum placeat hic dolorum. Quod praesentium ipsa earum commodi quod id. Praesentium impedit autem dignissimos hic. Omnis nam adipisci occaecati ducimus.</description>
		<status>For Sale</status>
		<broker>
			<code>870JM4</code>
			<phone>1-575-457-5965</phone>
			<name>Holland Real Estate of Thompsonchester</name>
		</broker>
		<agent>
			<code>188J5N5</code>
			<phone>(100)464-6648x82672</phone>
			<name>Courtney Brown</name>
		</agent>
		<address>
			<zip>32563-8560</zip>
			<city>Williamsmouth</city>
			<street>931 Cory Well Suite 849</street>
			<state>GU</state>
		</address>
		<mls_number>8</mls_number>
		<type>Apartment</type>
	</listing>
	<listing>
		<price>1050</price>
		<description>Doloremque sequi quibusdam et sit. Voluptatum sunt eius quae ad earum illum. Perferendis officia facere rem natus. Praesentium quo reprehenderit accusamus velit.</description>
		<status>For Rent</status>
		<broker>
			<code>7971J8L7</code>
			<phone>000.276.2407x4641</phone>
			<name>Ward Realty</name>
		</broker>
		<agent>
			<code>2181614YR4</code>
			<phone>1-623-855-9730x142</phone>
			<name>Mary Parker</name>
		</agent>
		<address>
			<zip>68633-4410</zip>
			<city>Brandonmouth</city>
			<street>3871 Riley Pass</street>
			<state>NC</state>
		</address>
		<mls_number>7193</mls_number>
		<type>Residential</type>
	</listing>
	<listing>
		<price>1150</price>
		<description>Aspernatur ullam quaerat porro esse nostrum eos vel. Reiciendis aspernatur consequuntur repellendus quaerat rerum esse. Ratione ipsam labore modi quasi voluptate magni. Blanditiis dicta minus ullam velit exercitationem modi.</description>
		<status>For Rent</status>
		<broker>
			<code>48258888R7C4</code>
			<phone>04210861693</phone>
			<name>Dunlap Realty</name>
		</broker>
		<agent>
			<code>82733618I3</code>
			<phone>(777)892-7828x60009</phone>
			<name>William Mcmahon</name>
		</agent>
		<address>
			<zip>60715</zip>
			<city>South Carrie</city>
			<street>486 Francisco Land</street>
			<state>SC</state>
		</address>
		<mls_number>81</mls_number>
		<type>Apartment</type>
	</listing>
	<listing>
		<price>462000</price>
		<description>Expedita eveniet id exercitationem molestiae nesciunt. Fugit quod aut occaecati vel. Tenetur in minima repudiandae placeat tempora inventore. Sapiente sed dicta similique maiores fugit. Quaerat architecto amet sequi voluptate nihil iste qui.
Minima aliquid ea inventore sit deleniti aliquid esse reprehenderit. Ipsum saepe ea quod similique. Incidunt neque beatae illum qui expedita magni reprehenderit molestiae. Dolores iste quia consectetur error deleniti. Adipisci laudantium totam nesciunt velit soluta facilis non.</description>
		<status>For Sale</status>
		<broker>
			<code>870JM4</code>
			<phone>1-575-457-5965</phone>
			<name>Holland Real Estate of Thompsonchester</name>
		</broker>
		<agent>
			<code>38CQ7</code>
			<phone>(353)789-9127</phone>
			<name>Melissa Fry</name>
		</agent>
		<address>
			<zip>54818-1013</zip>
			<city>North Dianamouth</city>
			<street>869 James Fork Apt. 316</street>
			<state>SC</state>
		</address>
		<mls_number>77951596</mls_number>
		<type>Residential</type>
	</listing>
	<listing>
		<price>1700</price>
		<description>Ab quo magni eos libero odio veniam. Corporis officiis quam omnis dolorem sit in.</description>
		<status>For Rent</status>
		<broker>
			<code>7971J8L7</code>
			<phone>000.276.2407x4641</phone>
			<name>Ward Realty</name>
		</broker>
		<agent>
			<code>322085715KY7</code>
			<phone>05228491750</phone>
			<name>Brooke Johnson</name>
		</agent>
		<address>
			<zip>76868-8917</zip>
			<city>Lake Carlos</city>
			<street>7386 Jason Curve</street>
			<state>ND</state>
		</address>
		<mls_number>374629240</mls_number>
		<type>Residential</type>
	</listing>
</listings>
