[
  {
    "agent_code": "5700576510HX4",
    "agent_name": "Tamara Frazier",
    "agent_phone": "129.237.8685x149",
    "city": "East Christinaton",
    "description": "Accusantium minus temporibus quibusdam occaecati necessitatibus nulla mollitia. Tempora inventore laboriosam quam nobis ab. Nam soluta ratione illum. Nam maxime impedit fugiat excepturi.\nPorro nihil maiores dolorum ducimus alias. Illum vero voluptate iste voluptas voluptatum at. Consequatur corporis placeat quibusdam distinctio laudantium. Ex asperiores earum ratione iure delectus.",
    "mls_number": "3436421",
    "office_code": "48258888R7C4",
    "office_name": "Dunlap Realty",
    "office_phone": "04210861693",
    "price": "176000",
    "state": "CO",
    "status": "For Sale",
    "street_address": "35342 Billy Green",
    "type": "Residential",
    "zip": "15582"
  },
  {
    "agent_code": "45N34",
    "agent_name": "Karen Zuniga",
    "agent_phone": "1-910-716-6058",
    "city": "Maxwellborough",
    "description": "Omnis maxime soluta quidem neque aliquam quas. Voluptatum magni vitae eveniet. Eius architecto laudantium aliquid voluptates tempore ut maiores.\nVeniam maiores nostrum recusandae voluptatem. Sunt maiores impedit maiores est. Reprehenderit incidunt eum nesciunt neque aliquam voluptatem nulla. Consequatur iste illo mollitia accusantium minus aut.\nRepellat cupiditate aperiam magnam quasi praesentium voluptatem. Impedit laudantium laudantium pariatur molestiae facilis praesentium aliquam.\nNeque magnam sed quod laboriosam. Mollitia nihil optio ut eligendi. Error similique voluptatem autem.\nRerum quibusdam atque excepturi laborum. Harum asperiores animi repudiandae neque placeat. Quia maiores provident quam odit enim in.",
    "mls_number": "3",
    "office_code": "8F8Q9",
    "office_name": "Laura Sanchez & Associates",
    "office_phone": "1-280-398-2410x852",
    "price": "700",
    "state": "OK",
    "status": "For Rent",
    "street_address": "515 Cynthia Street Apt. 659",
    "type": "Apartment",
    "zip": "12145-6336"
  },
  {
    "agent_code": "188J5N5",
    "agent_name": "Courtney Brown",
    "agent_phone": "(100)464-6648x82672",
    "city": "Emilyfort",
    "description": "Alias dolor assumenda sunt neque illo repellendus. Adipisci mollitia quis occaecati ad. Omnis laudantium beatae quia aspernatur enim. Nesciunt perspiciatis saepe quae molestias esse possimus distinctio quas.\nProvident ad neque harum quas ipsa. Excepturi asperiores minus in itaque labore itaque iusto. Nostrum ducimus beatae fugit ullam labore. A rerum consectetur nulla veniam. Culpa tenetur blanditiis culpa laborum labore.\nAnimi corporis nemo architecto. Consequatur assumenda fugit earum magni omnis voluptates. Eos iste deserunt id sequi doloremque molestias suscipit doloribus. Maiores occaecati velit amet facere iusto.",
    "mls_number": "981421",
    "office_code": "870JM4",
    "office_name": "Holland Real Estate of Thompsonchester",
    "office_phone": "1-575-457-5965",
    "price": "900",
    "state": "ND",
    "status": "For Rent",
    "street_address": "8531 Lewis Turnpike Suite 420",
    "type": "Residential",
    "zip": "06639"
  },
  {
    "agent_code": "595976509U25",
    "agent_name": "Gregory Conner",
    "agent_phone": "293.225.4378x8746",
    "city": "Jamesland",
    "description": "Ipsa eveniet maxime eveniet. Itaque deleniti facilis consequatur exercitationem veritatis. Tempora tempore molestias explicabo. Ipsam quod temporibus temporibus praesentium animi. Maiores nobis voluptas molestiae hic sint laboriosam vitae.\nConsectetur hic tempore quibusdam. Amet laboriosam incidunt iste ratione. Animi officia quo excepturi at.\nImpedit autem non molestias suscipit ea. Velit voluptatum amet unde accusamus. Nulla accusantium unde quod quia perspiciatis iusto.",
    "mls_number": "80",
    "office_code": "48258888R7C4",
    "office_name": "Dunlap Realty",
    "office_phone": "04210861693",
    "price": "363000",
    "state": "AK",
    "status": "For Sale",
    "street_address": "6330 Melissa Plain",
    "type": "Apartment",
    "zip": "18211"
  },
  {
    "agent_code": "5700576510HX4",
    "agent_name": "Tamara Frazier",
    "agent_phone": "129.237.8685x149",
    "city": "Houstonmouth",
    "description": "Mollitia fugit tempora tempore illum accusamus. Eligendi sequi est ab laborum. Explicabo sed est accusamus soluta.",
    "mls_number": "56141",
    "office_code": "48258888R7C4",
    "office_name": "Dunlap Realty",
    "office_phone": "04210861693",
    "price": "413000",
    "state": "KS",
    "status": "For Sale",
    "street_address": "1871 Shepherd Manors Apt. 874",
    "type": "Apartment",
    "zip": "64390-5257"
  },
  {
    "agent_code": "188J5N5",
    "agent_name": "Courtney Brown",
    "agent_phone": "(100)464-6648x82672",
    "city": "New Davidmouth",
    "description": "Facere ex temporibus vel non. Ipsum nobis veniam natus provident suscipit quasi. Sint hic iure laboriosam facilis exercitationem.\nPerspiciatis dolor molestiae error quaerat. Ex quos a quae hic fuga culpa. Sapiente placeat quo ut dignissimos architecto rerum voluptatem.\nNeque quos molestias qui repellendus maiores. Molestiae quasi tenetur magnam possimus neque sapiente. Explicabo saepe hic est reprehenderit perferendis. Cupiditate amet optio fuga mollitia sit. Ullam quia doloremque quam excepturi.\nCupiditate cupiditate aliquid dolor quasi alias dolore. Magni aspernatur error magni nobis quisquam. Facilis aperiam voluptas blanditiis beatae. Praesentium debitis vitae quos quo.",
    "mls_number": "582251",
    "office_code": "870JM4",
    "office_name": "Holland Real Estate of Thompsonchester",
    "office_phone": "1-575-457-5965",
    "price": "1100",
    "state": "MI",
    "status": "For Rent",
    "street_address": "24397 Anthony Landing",
    "type": "Residential",
    "zip": "51200-2540"
  },
  {
    "agent_code": "3602G5V7",
    "agent_name": "Paul Burke",
    "agent_phone": "846.322.0230",
    "city": "Port Karlaberg",
    "description": "Quos blanditiis asperiores asperiores maxime eaque officia tenetur tenetur. Nostrum accusamus aliquam labore. Nostrum necessitatibus non autem magni. Eum aliquid iste id error ipsam.\nTenetur porro voluptatum itaque ab. Tenetur dignissimos deserunt esse inventore vel. Amet rerum ipsam suscipit molestiae inventore. Architecto quas at vel neque.\nVoluptates eos temporibus voluptate temporibus tenetur quibusdam minima. Sapiente distinctio consectetur reiciendis expedita numquam iste. Hic vel deleniti eaque fugiat nemo doloribus provident.\nDoloremque porro est quidem voluptas. Consequuntur unde autem facilis ratione excepturi quam.",
    "mls_number": "3677374",
    "office_code": "8F8Q9",
    "office_name": "Laura Sanchez & Associates",
    "office_phone": "1-280-398-2410x852",
    "price": "205000",
    "state": "HI",
    "status": "For Sale",
    "street_address": "83274 Jennifer Route Suite 874",
    "type": "Residential",
    "zip": "76049-4621"
  },
  {
    "agent_code": "53364HP6",
    "agent_name": "Ricky Dickerson",
    "agent_phone": "1-819-409-1503x142",
    "city": "New Michelleland",
    "description": "Id voluptatibus recusandae molestias. Fuga eaque maiores aliquam sequi quia reprehenderit facilis. Ad rerum cum est tempora soluta explicabo tempore. Maiores dolor dicta atque blanditiis dolores iusto laborum voluptates.\nDolore optio modi iusto adipisci. Ducimus laboriosam est culpa neque nostrum nam. Ad quasi eius odit sed dicta inventore reiciendis. Consectetur tempore ipsa voluptatum labore consequuntur repudiandae culpa ad.",
    "mls_number": "1023138",
    "office_code": "7971J8L7",
    "office_name": "Ward Realty",
    "office_phone": "000.276.2407x4641",
    "price": "1150",
    "state": "NJ",
    "status": "For Rent",
    "street_address": "74380 Gregory Keys",
    "type": "Apartment",
    "zip": "47208-2799"
  },
  {
    "agent_code": "188J5N5",
    "agent_name": "Courtney Brown",
    "agent_phone": "(100)464-6648x82672",
    "city": "Richardchester",
    "description": "Impedit minus officia vitae tempora soluta eaque accusamus illo. Culpa optio necessitatibus ratione cum explicabo odit quas. Quis ullam vitae amet a nemo quam dolor. Hic amet repellat dolores doloribus voluptatum velit.\nQuibusdam repudiandae occaecati quos voluptate. Et voluptatem numquam odio expedita distinctio. Nesciunt nam quas officiis optio.\nRem necessitatibus ullam commodi error sint veniam. Eius odio et perspiciatis repellendus. Aperiam doloremque modi quis voluptas. A ipsum quasi ipsam natus.\nIpsum quas aspernatur occaecati. Ipsa distinctio architecto dicta suscipit. Mollitia quae quod debitis possimus.\nSimilique doloremque voluptatem velit laudantium illum veniam maxime. Occaecati aspernatur ratione minima non neque. Corrupti dolor at iure quas reprehenderit corporis cumque voluptates. Doloremque tempora vitae quasi exercitationem similique alias.",
    "mls_number": "325469",
    "office_code": "870JM4",
    "office_name": "Holland Real Estate of Thompsonchester",
    "office_phone": "1-575-457-5965",
    "price": "279000",
    "state": "NC",
    "status": "For Sale",
    "street_address": "18868 Bradford Common",
    "type": "Apartment",
    "zip": "94760-6009"
  },
  {
    "agent_code": "48616162T0E6",
    "agent_name": "Michael Scott",
    "agent_phone": "(641)069-8923x919",
    "city": "Danielfort",
    "description": "Dignissimos deleniti quam assumenda fugit nobis itaque aliquid.",
    "mls_number": "779730837",
    "office_code": "8F8Q9",
    "office_name": "Laura Sanchez & Associates",
    "office_phone": "1-280-398-2410x852",
    "price": "1850",
    "state": "WA",
    "status": "For Rent",
    "street_address": "5889 Victoria Mission Suite 725",
    "type": "Residential",
    "zip": "02052-4347"
  },
  {
    "agent_code": "3187936I55",
    "agent_name": "James Gonzalez",
    "agent_phone": "(389)219-4803x486",
    "city": "Penatown",
    "description": "Ipsam tenetur minus rerum. Delectus ipsa quis corporis impedit placeat dolorem voluptatem. Itaque fuga distinctio debitis tempore et officia.\nMagni modi velit in dolore quasi recusandae. Delectus officiis alias libero ab. Quis ad veniam odio deleniti iusto.\nFacere asperiores omnis soluta. Non ipsam occaecati a aspernatur quos nobis in. Reiciendis molestias voluptas expedita dicta doloribus. Nisi porro vel aperiam cupiditate pariatur labore.\nQuo aut consectetur magnam. Assumenda nesciunt porro optio fugiat modi neque nobis. Modi minus similique animi ullam.\nLabore eveniet cumque laboriosam aliquam ipsum illum illo assumenda. Porro alias tenetur tenetur quae blanditiis blanditiis. Eum id tempora illum incidunt nemo facilis minus.",
    "mls_number": "3889255",
    "office_code": "8F8Q9",
    "office_name": "Laura Sanchez & Associates",
    "office_phone": "1-280-398-2410x852",
    "price": "1200",
    "state": "WA",
    "status": "For Rent",
    "street_address": "612 Buck Row Apt. 130",
    "type": "Residential",
    "zip": "06194"
  },
  {
    "agent_code": "595976509U25",
    "agent_name": "Gregory Conner",
    "agent_phone": "293.225.4378x8746",
    "city": "Markport",
    "description": "Iure et illum quaerat. Officia porro nisi accusamus aliquam quidem consequatur. Maiores officia velit ea debitis. Corporis vero saepe tenetur veniam magnam reprehenderit totam.",
    "mls_number": "4915940",
    "office_code": "48258888R7C4",
    "office_name": "Dunlap Realty",
    "office_phone": "04210861693",
    "price": "700",
    "state": "AR",
    "status": "For Rent",
    "street_address": "21922 Rice Stravenue Suite 089",
    "type": "Residential",
    "zip": "79937-3549"
  },
  {
    "agent_code": "53364HP6",
    "agent_name": "Ricky Dickerson",
    "agent_phone": "1-819-409-1503x142",
    "city": "Blanchardland",
    "description": "Quis dolores ex occaecati nemo quod architecto ea. Nostrum nobis mollitia sunt unde nam. Eum praesentium quibusdam molestiae explicabo natus. Dolorem nam delectus eum amet nam.\nMinima saepe magni facere magni ad error ullam impedit. Soluta asperiores molestias cumque. Magnam earum architecto unde quam. Consectetur eos atque fugiat doloremque voluptas aliquid magni fuga.\nPlaceat error veritatis dolorem laudantium illo ex sit. Accusantium similique quaerat non voluptatum officia voluptate quas. Tempore deserunt voluptates nulla magnam necessitatibus consequuntur ipsam.",
    "mls_number": "16293007",
    "office_code": "7971J8L7",
    "office_name": "Ward Realty",
    "office_phone": "000.276.2407x4641",
    "price": "1300",
    "state": "TX",
    "status": "For Rent",
    "street_address": "474 Fitzgerald Pike",
    "type": "Residential",
    "zip": "63429-4075"
  },
  {
    "agent_code": "53364HP6",
    "agent_name": "Ricky Dickerson",
    "agent_phone": "1-819-409-1503x142",
    "city": "Lake Kaitlinhaven",
    "description": "Harum molestiae alias inventore occaecati ipsum numquam commodi.",
    "mls_number": "62",
    "office_code": "7971J8L7",
    "office_name": "Ward Realty",
    "office_phone": "000.276.2407x4641",
    "price": "1650",
    "state": "ND",
    "status": "For Rent",
    "street_address": "517 Moreno Ridges Apt. 077",
    "type": "Apartment",
    "zip": "20854"
  },
  {
    "agent_code": "38CQ7",
    "agent_name": "Melissa Fry",
    "agent_phone": "(353)789-9127",
    "city": "Jasonhaven",
    "description": "Soluta ea dolorem ipsa aut ad.",
    "mls_number": "10",
    "office_code": "870JM4",
    "office_name": "Holland Real Estate of Thompsonchester",
    "office_phone": "1-575-457-5965",
    "price": "1050",
    "state": "PA",
    "status": "For Rent",
    "street_address": "36387 Sarah Tunnel Apt. 555",
    "type": "Apartment",
    "zip": "47121"
  },
  {
    "agent_code": "53364HP6",
    "agent_name": "Ricky Dickerson",
    "agent_phone": "1-819-409-1503x142",
    "city": "East Angela",
    "description": "Aperiam eligendi velit tempore facilis id. Fugit animi repellendus aliquam tempora nihil perspiciatis. Modi ipsam culpa impedit fugiat earum. Facilis aliquam quae deleniti deserunt laborum modi saepe veritatis.",
    "mls_number": "6012",
    "office_code": "7971J8L7",
    "office_name": "Ward Realty",
    "office_phone": "000.276.2407x4641",
    "price": "292000",
    "state": "AK",
    "status": "For Sale",
    "street_address": "45815 Michael Via",
    "type": "Residential",
    "zip": "75610"
  },
  {
    "agent_code": "595976509U25",
    "agent_name": "Gregory Conner",
    "agent_phone": "293.225.4378x8746",
    "city": "North John",
    "description": "Aliquid voluptates exercitationem minima ex repellat iusto. Animi autem reiciendis beatae ratione explicabo.\nCumque nostrum quidem optio nesciunt cumque. Perferendis voluptatum in quam iste maxime. Enim dolor possimus ullam nulla quis sit nesciunt. Ad alias fugit sint perspiciatis. Ad perspiciatis aspernatur perspiciatis inventore culpa.\nAsperiores libero odio veritatis. Ratione optio sunt iusto. Odit eveniet officia ipsam corrupti magnam sunt. Quidem quasi id error quod ex quasi.\nNon quia aliquam occaecati dicta totam atque quae. Dolorum ipsa dicta porro dolore. Placeat molestiae illo ipsum.",
    "mls_number": "30855977",
    "office_code": "48258888R7C4",
    "office_name": "Dunlap Realty",
    "office_phone": "04210861693",
    "price": "900",
    "state": "ME",
    "status": "For Rent",
    "street_address": "82011 Bass Plains",
    "type": "Residential",
    "zip": "98576-2329"
  },
  {
    "agent_code": "38CQ7",
    "agent_name": "Melissa Fry",
    "agent_phone": "(353)789-9127",
    "city": "Shermanville",
    "description": "Hic quae numquam aliquam numquam numquam odit ad ad. Culpa autem porro tenetur. Reprehenderit possimus nulla mollitia dolor error.",
    "mls_number": "5659",
    "office_code": "870JM4",
    "office_name": "Holland Real Estate of Thompsonchester",
    "office_phone": "1-575-457-5965",
    "price": "180000",
    "state": "VA",
    "status": "For Sale",
    "street_address": "7833 Lauren Key",
    "type": "Apartment",
    "zip": "79216"
  },
  {
    "agent_code": "53364HP6",
    "agent_name": "Ricky Dickerson",
    "agent_phone": "1-819-409-1503x142",
    "city": "Nicholebury",
    "description": "Maiores amet earum eaque explicabo minima. Animi mollitia repellendus nam reiciendis dolorum amet maiores. Repudiandae quo in voluptate modi sed.\nBlanditiis consequatur ex occaecati veniam. Eligendi quaerat non earum ad ad. Provident consequatur consequuntur vel a. Voluptates saepe alias veritatis voluptas ducimus inventore amet.\nRepellat distinctio accusamus temporibus asperiores non optio quam. Dignissimos commodi animi illum. Atque placeat quod quia autem repellat ipsam.",
    "mls_number": "83215",
    "office_code": "7971J8L7",
    "office_name": "Ward Realty",
    "office_phone": "000.276.2407x4641",
    "price": "550",
    "state": "SC",
    "status": "For Rent",
    "street_address": "5219 Nguyen Motorway Apt. 791",
    "type": "Residential",
    "zip": "49440-4079"
  },
  {
    "agent_code": "45N34",
    "agent_name": "Karen Zuniga",
    "agent_phone": "1-910-716-6058",
    "city": "Port Bradley",
    "description": "Optio id tenetur quasi accusamus nulla facere. Eligendi veniam deserunt incidunt quidem amet et voluptas. Illum earum quo ex laudantium.",
    "mls_number": "17104",
    "office_code": "8F8Q9",
    "office_name": "Laura Sanchez & Associates",
    "office_phone": "1-280-398-2410x852",
    "price": "700",
    "state": "PR",
    "status": "For Rent",
    "street_address": "4353 Kathleen Tunnel",
    "type": "Residential",
    "zip": "18375-1706"
  },
  {
    "agent_code": "5700576510HX4",
    "agent_name": "Tamara Frazier",
    "agent_phone": "129.237.8685x149",
    "city": "New Andreafurt",
    "description": "Est quo possimus sint distinctio totam repellendus. Incidunt quae at consequatur consectetur totam eum alias. At illo ipsa veniam distinctio repudiandae hic. Voluptates eligendi perferendis eligendi labore qui porro exercitationem non.\nAspernatur tempore eius saepe architecto nihil. Delectus tenetur voluptatem cupiditate earum repudiandae. Veniam eius eius consequatur repellat placeat amet necessitatibus. Veniam reiciendis quia officiis iste quo aliquam suscipit.\nPraesentium molestias architecto aspernatur magni cupiditate nesciunt. Veniam consequatur excepturi error blanditiis. Consectetur necessitatibus nisi nostrum unde velit odio.",
    "mls_number": "32",
    "office_code": "48258888R7C4",
    "office_name": "Dunlap Realty",
    "office_phone": "04210861693",
    "price": "342000",
    "state": "DC",
    "status": "For Sale",
    "street_address": "46861 Zachary Island",
    "type": "Residential",
    "zip": "85698-7658"
  },
  {
    "agent_code": "2181614YR4",
    "agent_name": "Mary Parker",
    "agent_phone": "1-623-855-9730x142",
    "city": "Finleystad",
    "description": "Esse est facilis aliquam amet ipsam vitae nesciunt doloribus. Quos aspernatur accusantium modi eum. Consequuntur aut eaque debitis mollitia.",
    "mls_number": "8449",
    "office_code": "7971J8L7",
    "office_name": "Ward Realty",
    "office_phone": "000.276.2407x4641",
    "price": "550",
    "state": "OR",
    "status": "For Rent",
    "street_address": "7702 Antonio Dale",
    "type": "Residential",
    "zip": "40138-8177"
  },
  {
    "agent_code": "2181614YR4",
    "agent_name": "Mary Parker",
    "agent_phone": "1-623-855-9730x142",
    "city": "Johntown",
    "description": "Assumenda maiores dolor tempore voluptates necessitatibus. Tempora dolorum inventore eos placeat atque asperiores quisquam pariatur. Quis alias earum cupiditate eligendi voluptates. Amet et odio at nihil.\nMaiores dolore facilis repudiandae neque in aut temporibus. Temporibus ut consectetur nemo recusandae odit repellat.\nFugiat modi commodi vel sunt quisquam. Sunt illo eveniet cum consequatur eveniet. Doloremque doloremque voluptates rem architecto odit earum modi.\nMinima possimus libero porro nobis. Itaque quidem amet laboriosam repellat sunt eum. Quaerat illum ab amet voluptates.\nDelectus deleniti in vel cupiditate. Harum aut cupiditate voluptates recusandae ab vitae dolore. Minus consectetur voluptate voluptates molestias eveniet. Possimus non qui esse quasi.",
    "mls_number": "1",
    "office_code": "7971J8L7",
    "office_name": "Ward Realty",
    "office_phone": "000.276.2407x4641",
    "price": "700",
    "state": "NY",
    "status": "For Rent",
    "street_address": "290 Castro Ford Suite 486",
    "type": "Residential",
    "zip": "73492-5315"
  },
  {
    "agent_code": "6978V0K9",
    "agent_name": "Catherine Hess",
    "agent_phone": "979-878-6969x08376",
    "city": "Jeremyville",
    "description": "Sit cum nostrum enim blanditiis.",
    "mls_number": "833",
    "office_code": "870JM4",
    "office_name": "Holland Real Estate of Thompsonchester",
    "office_phone": "1-575-457-5965",
    "price": "1150",
    "state": "FM",
    "status": "For Rent",
    "street_address": "33992 Lopez Place",
    "type": "Apartment",
    "zip": "16823-4799"
  },
  {
    "agent_code": "188J5N5",
    "agent_name": "Courtney Brown",
    "agent_phone": "(100)464-6648x82672",
    "city": "North Raymondshire",
    "description": "Quibusdam ex et corrupti in pariatur ipsa. Veniam velit quo laudantium reprehenderit. Sint dolores accusantium rerum commodi voluptatem.\nMagni vel placeat neque provident debitis. Expedita expedita ipsa commodi suscipit impedit pariatur. Sit fugit dolore aspernatur est.\nCumque non neque quasi neque. Beatae facere quisquam possimus iure ut aliquid incidunt. Aut esse asperiores perferendis iste voluptatibus.\nVelit consequuntur sapiente consectetur nostrum ipsam reiciendis soluta. Quisquam dolor provident quaerat temporibus exercitationem aspernatur soluta. Voluptates dolorem sit tenetur provident modi. Distinctio porro aspernatur tempora cum ratione incidunt. Recusandae nulla optio necessitatibus doloribus ipsa corrupti.",
    "mls_number": "419",
    "office_code": "870JM4",
    "office_name": "Holland Real Estate of Thompsonchester",
    "office_phone": "1-575-457-5965",
    "price": "1100",
    "state": "TN",
    "status": "For Rent",
    "street_address": "822 Amber Orchard",
    "type": "Residential",
    "zip": "87767-3545"
  },
  {
    "agent_code": "535906OH9",
    "agent_name": "Kevin Griffin",
    "agent_phone": "(130)901-4246x528",
    "city": "Justinview",
    "description": "Deleniti pariatur quidem repudiandae inventore. In ipsa quisquam minus sed soluta minima. Dignissimos repellendus nesciunt dolor pariatur minima facere neque.",
    "mls_number": "5325",
    "office_code": "48258888R7C4",
    "office_name": "Dunlap Realty",
    "office_phone": "04210861693",
    "price": "114000",
    "state": "LA",
    "status": "For Sale",
    "street_address": "9972 Dillon Island",
    "type": "Apartment",
    "zip": "83328"
  },
  {
    "agent_code": "5700576510HX4",
    "agent_name": "Tamara Frazier",
    "agent_phone": "129.237.8685x149",
    "city": "West Adrian",
    "description": "Minus quidem corrupti sed ea odit eveniet enim eum. Laboriosam adipisci ipsum aspernatur dolores. Ipsa delectus inventore tempora possimus mollitia delectus. Dolorum repudiandae officiis magni est neque.",
    "mls_number": "74",
    "office_code": "48258888R7C4",
    "office_name": "Dunlap Realty",
    "office_phone": "04210861693",
    "price": "314000",
    "state": "FL",
    "status": "For Sale",
    "street_address": "766 Kelsey Valley",
    "type": "Apartment",
    "zip": "15494-3181"
  },
  {
    "agent_code": "5700576510HX4",
    "agent_name": "Tamara Frazier",
    "agent_phone": "129.237.8685x149",
    "city": "Port Mary",
    "description": "Saepe culpa cum quis eum. Distinctio nihil enim modi voluptate voluptatibus. Explicabo nemo placeat deleniti at.\nPlaceat reiciendis reprehenderit amet facilis. Consequatur soluta accusamus dolorum veniam ad.\nVel ducimus facilis voluptates. Beatae animi nobis nemo suscipit minus ad officia repellat. Possimus error perferendis aut sit. Cumque eligendi commodi id odit distinctio neque ipsum.\nAperiam enim alias repudiandae laborum nulla cupiditate. Repudiandae ex mollitia maxime necessitatibus ducimus. Aperiam omnis quas doloribus aperiam laborum. Veniam recusandae illum doloremque impedit rem perferendis quibusdam.",
    "mls_number": "505060260",
    "office_code": "48258888R7C4",
    "office_name": "Dunlap Realty",
    "office_phone": "04210861693",
    "price": "1850",
    "state": "MS",
    "status": "For Rent",
    "street_address": "3219 David Plaza",
    "type": "Apartment",
    "zip": "64843"
  },
  {
    "agent_code": "535906OH9",
    "agent_name": "Kevin Griffin",
    "agent_phone": "(130)901-4246x528",
    "city": "Lopezberg",
    "description": "Iste eius at nihil nulla vel. Nesciunt eos debitis quas ipsa. Rerum cum id ipsum atque rerum hic. Magni blanditiis voluptatem sequi corrupti sunt. Perspiciatis numquam sunt praesentium voluptatibus fugit nobis vero corrupti.\nRem eos exercitationem laboriosam ducimus consectetur amet illum. Voluptate ullam earum consequatur eaque itaque. Necessitatibus aliquid sapiente ab fugit.\nQuos nesciunt eos atque corrupti laborum ut. Ducimus modi numquam ipsa. Architecto occaecati mollitia accusamus perferendis. Nesciunt perspiciatis quidem voluptatum eius labore tenetur repudiandae.\nRepellendus optio rerum hic ratione suscipit fugit quia. Esse architecto suscipit voluptas. Natus corrupti hic nostrum id explicabo. Id doloremque molestiae nihil.",
    "mls_number": "1",
    "office_code": "48258888R7C4",
    "office_name": "Dunlap Realty",
    "office_phone": "04210861693",
    "price": "364000",
    "state": "NH",
    "status": "For Sale",
    "street_address": "99099 Donald Track Apt. 495",
    "type": "Residential",
    "zip": "50844-0867"
  },
  {
    "agent_code": "2181614YR4",
    "agent_name": "Mary Parker",
    "agent_phone": "1-623-855-9730x142",
    "city": "Emilystad",
    "description": "Quasi eos perspiciatis ex aliquam qui iure ratione. Maiores fugit quaerat possimus quod deleniti. Fuga fugit illum necessitatibus earum ipsum possimus.\nEius sunt qui consectetur nihil sed vero. Reprehenderit ipsum dolore earum saepe. Molestiae ad itaque animi minus corrupti. Nam vel nemo eaque ab.\nNecessitatibus inventore voluptatum dolore. Eos eveniet rerum tempore ab consequuntur porro. Impedit cupiditate dolorem tempora incidunt. Odit corrupti ex molestiae consequuntur veniam maiores delectus.",
    "mls_number": "97318",
    "office_code": "7971J8L7",
    "office_name": "Ward Realty",
    "office_phone": "000.276.2407x4641",
    "price": "145000",
    "state": "LA",
    "status": "For Sale",
    "street_address": "7652 Lambert Track Suite 214",
    "type": "Apartment",
    "zip": "25359-9059"
  },
  {
    "agent_code": "3602G5V7",
    "agent_name": "Paul Burke",
    "agent_phone": "846.322.0230",
    "city": "North Carl",
    "description": "Cumque accusamus sunt sit iure. Earum sint eos maiores recusandae iste inventore. Cumque a culpa consectetur officia maxime modi eius dolores. Laudantium amet at sequi doloribus similique. Exercitationem adipisci non fugiat adipisci.\nSint impedit facere facilis velit iste totam eius. Doloribus autem dolorum recusandae rem dicta nihil odit assumenda. Quibusdam consequatur provident vel aspernatur expedita facilis. Consequuntur dolorum doloremque pariatur quis.",
    "mls_number": "717896",
    "office_code": "8F8Q9",
    "office_name": "Laura Sanchez & Associates",
    "office_phone": "1-280-398-2410x852",
    "price": "1850",
    "state": "SC",
    "status": "For Rent",
    "street_address": "629 Kristen Land",
    "type": "Apartment",
    "zip": "29580"
  },
  {
    "agent_code": "595976509U25",
    "agent_name": "Gregory Conner",
    "agent_phone": "293.225.4378x8746",
    "city": "Sampsonberg",
    "description": "Unde ea saepe magni enim. At praesentium officia accusantium repudiandae. Ex ab dolor beatae blanditiis iure et voluptate.",
    "mls_number": "969",
    "office_code": "48258888R7C4",
    "office_name": "Dunlap Realty",
    "office_phone": "04210861693",
    "price": "499000",
    "state": "MP",
    "status": "For Sale",
    "street_address": "347 Moran Brook",
    "type": "Residential",
    "zip": "17915"
  },
  {
    "agent_code": "34F7V1",
    "agent_name": "Scott Park",
    "agent_phone": "640.988.4537",
    "city": "New Michael",
    "description": "A assumenda perferendis animi iste. Ullam sit qui ipsam assumenda veniam neque. Ipsam voluptate ducimus earum deleniti.",
    "mls_number": "765965369",
    "office_code": "8F8Q9",
    "office_name": "Laura Sanchez & Associates",
    "office_phone": "1-280-398-2410x852",
    "price": "328000",
    "state": "MO",
    "status": "For Sale",
    "street_address": "780 Russell Lodge",
    "type": "Apartment",
    "zip": "07599-6225"
  },
  {
    "agent_code": "322085715KY7",
    "agent_name": "Brooke Johnson",
    "agent_phone": "05228491750",
    "city": "Port Mario",
    "description": "Et nihil voluptatem placeat maxime. Consectetur accusamus possimus eveniet voluptatem. Placeat ea magni eligendi vel accusantium et magnam. Asperiores rem consequuntur ipsum laboriosam.\nPerspiciatis at dicta debitis temporibus repellat sed sapiente. Nam amet dolor voluptas modi ipsa. Quam quo voluptatum doloremque dicta. Non modi eligendi delectus ipsum laborum.\nTemporibus tenetur odit quo fugit. Neque tempora itaque delectus et maxime aliquid. Qui odit distinctio aliquam nobis omnis labore. Dicta hic qui quis praesentium non.\nDeleniti consequuntur placeat eveniet iure. Asperiores aperiam minus ab. Error ea corporis sequi eligendi suscipit minus.",
    "mls_number": "34989969",
    "office_code": "7971J8L7",
    "office_name": "Ward Realty",
    "office_phone": "000.276.2407x4641",
    "price": "1450",
    "state": "WA",
    "status": "For Rent",
    "street_address": "5256 Alexander Tunnel Apt. 523",
    "type": "Apartment",
    "zip": "58562"
  },
  {
    "agent_code": "595976509U25",
    "agent_name": "Gregory Conner",
    "agent_phone": "293.225.4378x8746",
    "city": "South Kellyside",
    "description": "Saepe quis doloribus expedita amet praesentium numquam. Praesentium veniam dolores dolor eligendi maiores molestias. Cum reiciendis velit sapiente non doloribus alias.\nDolores quidem aut repellendus magni tenetur. Laborum delectus quaerat illum voluptas. Rerum nostrum repellendus amet labore nostrum beatae saepe magnam.\nAsperiores ullam laborum adipisci. Tenetur dolorem hic explicabo amet perspiciatis possimus fuga. Atque perspiciatis et autem porro cumque. Non repudiandae iste placeat.",
    "mls_number": "24077",
    "office_code": "48258888R7C4",
    "office_name": "Dunlap Realty",
    "office_phone": "04210861693",
    "price": "244000",
    "state": "KS",
    "status": "For Sale",
    "street_address": "100 Pitts Crossing",
    "type": "Apartment",
    "zip": "86539-7393"
  },
  {
    "agent_code": "3602G5V7",
    "agent_name": "Paul Burke",
    "agent_phone": "846.322.0230",
    "city": "Port Benjamin",
    "description": "Exercitationem sit dignissimos ut amet saepe reiciendis sapiente. Voluptates ipsum eaque earum dolor. Eos natus deleniti nobis sapiente delectus. Minima incidunt in quibusdam eveniet numquam delectus illo.\nOfficiis vero eius doloremque facilis sint. Laudantium laboriosam doloremque nisi consequuntur fugiat ipsum saepe reiciendis. Ab magnam quaerat optio ipsa nam. Accusantium in repudiandae earum neque sint.",
    "mls_number": "85028664",
    "office_code": "8F8Q9",
    "office_name": "Laura Sanchez & Associates",
    "office_phone": "1-280-398-2410x852",
    "price": "1750",
    "state": "MN",
    "status": "For Rent",
    "street_address": "309 Johnson Forks",
    "type": "Residential",
    "zip": "88731"
  },
  {
    "agent_code": "322085715KY7",
    "agent_name": "Brooke Johnson",
    "agent_phone": "05228491750",
    "city": "Port Jamesbury",
    "description": "Minus ipsum tenetur consectetur. Corporis iusto sit fugiat quibusdam pariatur ut veniam. Quis cumque ipsum in aut. Tempora hic perspiciatis incidunt a.\nError voluptas expedita fugiat exercitationem officiis. Dolores cum fuga recusandae nostrum. Quod commodi dolores necessitatibus assumenda reprehenderit reprehenderit distinctio. Quo animi laudantium fuga quasi esse laborum.",
    "mls_number": "636045",
    "office_code": "7971J8L7",
    "office_name": "Ward Realty",
    "office_phone": "000.276.2407x4641",
    "price": "1950",
    "state": "MD",
    "status": "For Rent",
    "street_address": "67343 Phillip Track",
    "type": "Apartment",
    "zip": "32050-2568"
  },
  {
    "agent_code": "82733618I3",
    "agent_name": "William Mcmahon",
    "agent_phone": "(777)892-7828x60009",
    "city": "Johnsonbury",
    "description": "Corrupti nostrum alias quia et temporibus voluptates. Recusandae vitae vero nesciunt repudiandae. Ratione ad ut inventore doloribus saepe nobis dolores incidunt.\nSequi similique impedit maxime esse veniam incidunt. Aliquam illo expedita aspernatur voluptates. Rerum ipsum totam dolorum.\nDicta quas magnam ipsa ipsam quis. Numquam mollitia accusamus nostrum officia. Quaerat earum dignissimos tenetur delectus ipsam architecto. Explicabo magnam quaerat labore voluptate qui iste.\nMolestias doloremque nam commodi provident. Nemo aperiam ut ut alias labore. Maiores eos similique voluptatem perferendis maxime ad. Laborum sunt beatae quisquam recusandae.\nAt cumque maiores velit modi similique reiciendis. Exercitationem rem id repudiandae optio commodi vero. Repellendus rem ducimus quae delectus nostrum asperiores sit.\nHarum eum impedit doloremque esse et dolorem. Repellendus in dolorum nulla aut. Ducimus animi qui modi. Aspernatur placeat aliquid earum mollitia eum est id.",
    "mls_number": "419",
    "office_code": "48258888R7C4",
    "office_name": "Dunlap Realty",
    "office_phone": "04210861693",
    "price": "1600",
    "state": "LA",
    "status": "For Rent",
    "street_address": "035 Williams Shore",
    "type": "Residential",
    "zip": "27829"
  },
  {
    "agent_code": "48616162T0E6",
    "agent_name": "Michael Scott",
    "agent_phone": "(641)069-8923x919",
    "city": "West Alyssa",
    "description": "Veniam sit tenetur illo possimus dolore. Debitis iusto voluptatem accusantium. Pariatur temporibus quae illum repellat fugit explicabo.\nQuod in suscipit qui nisi dolor totam suscipit. Nostrum vel eaque asperiores assumenda debitis non est. Doloremque sequi rem ab illo officia repudiandae harum.\nOfficiis vitae animi vitae facere nulla non molestias optio. Modi a totam commodi saepe rerum animi. Reiciendis sit ab tempore quia quae neque vero. Accusamus consectetur quasi accusantium autem.\nIllum ea quaerat odio. Explicabo distinctio molestiae ipsa cupiditate rerum quibusdam tenetur. Officiis inventore deserunt sapiente accusantium harum aspernatur accusamus. Quia quia voluptatibus inventore rerum sint.",
    "mls_number": "623878",
    "office_code": "8F8Q9",
    "office_name": "Laura Sanchez & Associates",
    "office_phone": "1-280-398-2410x852",
    "price": "137000",
    "state": "NC",
    "status": "For Sale",
    "street_address": "40607 Owen Ridges",
    "type": "Apartment",
    "zip": "18564-9389"
  },
  {
    "agent_code": "82733618I3",
    "agent_name": "William Mcmahon",
    "agent_phone": "(777)892-7828x60009",
    "city": "New Samantha",
    "description": "Eaque quo ullam tempora saepe rerum occaecati accusantium. Quam in architecto sed sint necessitatibus aut. Nisi ut laboriosam exercitationem dicta tempore et. Sequi numquam quidem provident saepe vel.\nSint molestiae perferendis officiis quibusdam fugit. Quia exercitationem fugit dignissimos laboriosam aliquid sed explicabo. Quos magni labore nobis magni.\nFacere facere blanditiis magni doloremque. Accusantium veritatis ipsum cumque doloribus qui voluptas velit. Dolorem atque doloribus cum id eaque labore.",
    "mls_number": "6704694",
    "office_code": "48258888R7C4",
    "office_name": "Dunlap Realty",
    "office_phone": "04210861693",
    "price": "467000",
    "state": "IL",
    "status": "For Sale",
    "street_address": "3645 Brown Parkway",
    "type": "Apartment",
    "zip": "61183"
  },
  {
    "agent_code": "53364HP6",
    "agent_name": "Ricky Dickerson",
    "agent_phone": "1-819-409-1503x142",
    "city": "Lake Jason",
    "description": "Quasi enim facilis eveniet eos doloribus expedita nam. Doloremque odit iste iste necessitatibus nihil quaerat maiores. Blanditiis incidunt voluptates facere exercitationem.\nTemporibus in perspiciatis suscipit adipisci et quibusdam quaerat. Voluptatibus nostrum odit magni soluta. Rerum laborum error optio exercitationem vero eligendi. Odit ut animi eum velit.\nDolorum sequi magni corporis alias. Nisi eligendi mollitia illo quos sit aliquid quasi. Vero rerum harum non vel delectus ducimus. Quas quibusdam enim ducimus magni est.",
    "mls_number": "901279",
    "office_code": "7971J8L7",
    "office_name": "Ward Realty",
    "office_phone": "000.276.2407x4641",
    "price": "401000",
    "state": "KY",
    "status": "For Sale",
    "street_address": "957 Rogers Oval",
    "type": "Residential",
    "zip": "45278-7936"
  },
  {
    "agent_code": "48616162T0E6",
    "agent_name": "Michael Scott",
    "agent_phone": "(641)069-8923x919",
    "city": "New Troybury",
    "description": "Facere consequatur eveniet tenetur esse quae. Eum soluta nulla fugiat minima. Temporibus officia aut reprehenderit voluptate.\nCorporis praesentium in est praesentium. Inventore culpa magnam aut fugiat. Libero possimus rem inventore cum explicabo minima.\nQuos repellat repellendus nesciunt in repellendus. Eveniet molestiae ex ipsa quibusdam non nesciunt quisquam. Repellat autem reiciendis saepe ab itaque quibusdam. Quidem laboriosam accusamus ad repellendus quibusdam.\nAssumenda cumque voluptas earum modi. Ex culpa id reiciendis dolores quas quia maxime adipisci. Repudiandae quasi possimus eum error. Aliquid itaque ipsum doloribus labore sunt.\nExplicabo eos delectus repellendus quam soluta atque enim. Nostrum illo enim eius quas natus dolorum ad. Autem nostrum ex reprehenderit quibusdam.",
    "mls_number": "358771",
    "office_code": "8F8Q9",
    "office_name": "Laura Sanchez & Associates",
    "office_phone": "1-280-398-2410x852",
    "price": "195000",
    "state": "AZ",
    "status": "For Sale",
    "street_address": "074 Parsons Trafficway",
    "type": "Apartment",
    "zip": "32391"
  },
  {
    "agent_code": "45N34",
    "agent_name": "Karen Zuniga",
    "agent_phone": "1-910-716-6058",
    "city": "North Amberfort",
    "description": "Dolorem expedita facilis officiis illum sint. Dolorem culpa doloribus excepturi. Nisi porro recusandae eligendi.\nQuo ipsa necessitatibus repudiandae assumenda consequuntur. Itaque voluptatem quod totam nulla vero doloribus velit. In quod magnam doloremque voluptatem eveniet non animi voluptatem.",
    "mls_number": "26588",
    "office_code": "8F8Q9",
    "office_name": "Laura Sanchez & Associates",
    "office_phone": "1-280-398-2410x852",
    "price": "345000",
    "state": "GA",
    "status": "For Sale",
    "street_address": "11841 Jonathan Springs",
    "type": "Apartment",
    "zip": "04270-4294"
  },
  {
    "agent_code": "5700576510HX4",
    "agent_name": "Tamara Frazier",
    "agent_phone": "129.237.8685x149",
    "city": "New Terrihaven",
    "description": "Amet cupiditate rerum asperiores. Tenetur commodi dolores labore amet asperiores commodi. Beatae qui nemo vitae temporibus nihil.\nLibero nisi fugit corrupti nemo. Maiores quisquam quaerat veritatis voluptate in corrupti. Praesentium delectus magnam architecto rem quaerat quos quos eligendi.\nMolestiae quae quibusdam vero quas provident natus provident architecto. Maxime ratione deleniti eius itaque.\nReiciendis assumenda expedita animi. Natus perferendis distinctio quae cum reiciendis accusamus ex. Velit atque quos rerum minus dicta voluptatem. Ex fuga suscipit explicabo sapiente aliquam cum.",
    "mls_number": "894",
    "office_code": "48258888R7C4",
    "office_name": "Dunlap Realty",
    "office_phone": "04210861693",
    "price": "1700",
    "state": "MA",
    "status": "For Rent",
    "street_address": "81507 Sarah Path",
    "type": "Apartment",
    "zip": "84006-9835"
  },
  {
    "agent_code": "3187936I55",
    "agent_name": "James Gonzalez",
    "agent_phone": "(389)219-4803x486",
    "city": "Lake Johnton",
    "description": "Ullam ab voluptate doloremque. Consequatur quisquam ab id nesciunt culpa impedit. Quaerat facere id voluptatum.\nAutem voluptatibus cum asperiores officiis eaque et sit nihil. Necessitatibus minima perspiciatis tempore esse. Minus suscipit doloremque provident autem suscipit alias ab quia.",
    "mls_number": "16442341",
    "office_code": "8F8Q9",
    "office_name": "Laura Sanchez & Associates",
    "office_phone": "1-280-398-2410x852",
    "price": "1050",
    "state": "UT",
    "status": "For Rent",
    "street_address": "3686 Maurice Wall",
    "type": "Apartment",
    "zip": "37138-3708"
  },
  {
    "agent_code": "188J5N5",
    "agent_name": "Courtney Brown",
    "agent_phone": "(100)464-6648x82672",
    "city": "South Kaitlin",
    "description": "Quam quae provident explicabo. Quae quibusdam ducimus incidunt ipsam reprehenderit cum nihil. Ut excepturi ipsam a non cumque eius numquam aspernatur.\nAdipisci vel hic reiciendis sapiente corporis quisquam suscipit. Aut similique illum voluptatibus itaque. Ratione consequuntur saepe minima sed consequuntur pariatur. Aut sed est nam totam mollitia ipsam voluptate harum. Aliquam ipsa soluta reiciendis fugiat odio accusamus.",
    "mls_number": "577180",
    "office_code": "870JM4",
    "office_name": "Holland Real Estate of Thompsonchester",
    "office_phone": "1-575-457-5965",
    "price": "399000",
    "state": "GU",
    "status": "For Sale",
    "street_address": "281 Jesse Harbor",
    "type": "Apartment",
    "zip": "10701"
  },
  {
    "agent_code": "6978V0K9",
    "agent_name": "Catherine Hess",
    "agent_phone": "979-878-6969x08376",
    "city": "Phelpsville",
    "description": "Reprehenderit rerum quibusdam ullam. Hic asperiores facere facere laboriosam hic veritatis. Culpa voluptatibus omnis quae placeat laboriosam consectetur.\nSuscipit nemo maxime molestiae nostrum libero iste. Ducimus excepturi omnis magni qui exercitationem minus iure. Neque impedit maxime consequuntur quod delectus et. Cupiditate voluptates laborum molestiae eveniet sequi.\nNostrum eius natus similique quia id ea. Odio illo dolores inventore. Iusto neque nisi quo.\nNam incidunt dolorum ut perspiciatis. Voluptatibus qui eaque in repellat mollitia expedita enim. Quaerat quae iusto nobis consequuntur perspiciatis vitae.\nOdio repellat porro quisquam magni vel voluptatibus quasi. Fugiat odio in accusantium rem quam libero. Laborum tenetur neque doloremque aperiam exercitationem blanditiis laboriosam excepturi.",
    "mls_number": "683",
    "office_code": "870JM4",
    "office_name": "Holland Real Estate of Thompsonchester",
    "office_phone": "1-575-457-5965",
    "price": "1500",
    "state": "NH",
    "status": "For Rent",
    "street_address": "572 James Vista",
    "type": "Residential",
    "zip": "20039-7955"
  },
  {
    "agent_code": "535906OH9",
    "agent_name": "Kevin Griffin",
    "agent_phone": "(130)901-4246x528",
    "city": "North Rebeccafurt",
    "description": "Ipsam nesciunt odio consequuntur labore reiciendis amet. Possimus rerum quae error consequatur. Quibusdam ea et asperiores assumenda repellendus libero.",
    "mls_number": "5",
    "office_code": "48258888R7C4",
    "office_name": "Dunlap Realty",
    "office_phone": "04210861693",
    "price": "1200",
    "state": "PR",
    "status": "For Rent",
    "street_address": "805 Brennan Center",
    "type": "Residential",
    "zip": "32711-5793"
  },
  {
    "agent_code": "53364HP6",
    "agent_name": "Ricky Dickerson",
    "agent_phone": "1-819-409-1503x142",
    "city": "Port Travisbury",
    "description": "Eius totam molestias vel quaerat voluptatum voluptates saepe. Fugit voluptate quis impedit maiores.",
    "mls_number": "520872573",
    "office_code": "7971J8L7",
    "office_name": "Ward Realty",
    "office_phone": "000.276.2407x4641",
    "price": "1850",
    "state": "IN",
    "status": "For Rent",
    "street_address": "39171 Joseph Mall",
    "type": "Apartment",
    "zip": "67693"
  },
  {
    "agent_code": "48616162T0E6",
    "agent_name": "Michael Scott",
    "agent_phone": "(641)069-8923x919",
    "city": "Ericksonport",
    "description": "Provident esse optio ex quia voluptatibus asperiores voluptates placeat. Laboriosam sit harum recusandae vel consequatur occaecati. Quam fuga quas ullam consequatur aut iste recusandae.",
    "mls_number": "218627",
    "office_code": "8F8Q9",
    "office_name": "Laura Sanchez & Associates",
    "office_phone": "1-280-398-2410x852",
    "price": "1300",
    "state": "IN",
    "status": "For Rent",
    "street_address": "670 Sanchez Manors Apt. 024",
    "type": "Residential",
    "zip": "40787"
  }
]